ticker,cik,accession_number,fiscal_year,status,file_size_bytes,flag,timestamp
A,1090872,0000950170-24-010096,2023,downloaded,2988402,,2026-03-03T13:10:04.378716+00:00
A,1090872,0000950170-25-011439,2024,downloaded,4149798,,2026-03-03T13:10:04.779988+00:00
AAPL,320193,0001308179-24-000010,2023,downloaded,1470279,,2026-03-03T13:10:05.101316+00:00
AAPL,320193,0001308179-25-000008,2024,downloaded,1230838,,2026-03-03T13:10:05.432540+00:00
ABBV,1551152,0001558370-24-003496,2023,downloaded,3122823,,2026-03-03T13:10:06.163676+00:00
ABBV,1551152,0001558370-25-003537,2024,downloaded,3281264,,2026-03-03T13:10:06.548208+00:00
ABNB,1559720,0001193125-24-102960,2023,downloaded,1052292,,2026-03-03T13:10:06.879857+00:00
ABNB,1559720,0001193125-25-096938,2024,downloaded,1028262,,2026-03-03T13:10:07.254654+00:00
ABT,1800,0001308179-24-000182,2023,downloaded,1734903,,2026-03-03T13:10:07.767172+00:00
ABT,1800,0001308179-25-000134,2024,downloaded,1960454,,2026-03-03T13:10:08.103042+00:00
ACGL,947484,0000947484-24-000035,2023,downloaded,1601591,,2026-03-03T13:10:08.436104+00:00
ACGL,947484,0000947484-25-000031,2024,downloaded,1922380,,2026-03-03T13:10:08.785521+00:00
ACN,1467373,0001467373-23-000396,2023,downloaded,2252357,,2026-03-03T13:10:09.168606+00:00
ACN,1467373,0001308179-24-000815,2024,downloaded,1919073,,2026-03-03T13:10:09.519360+00:00
ADBE,796343,0000796343-24-000051,2023,downloaded,2018611,,2026-03-03T13:10:09.913562+00:00
ADBE,796343,0000796343-25-000048,2024,downloaded,2100909,,2026-03-03T13:10:10.276517+00:00
ADI,6281,0000006281-24-000014,2023,downloaded,2011525,,2026-03-03T13:10:10.626460+00:00
ADI,6281,0000006281-25-000016,2024,downloaded,2022527,,2026-03-03T13:10:10.998886+00:00
ADM,7084,0001193125-24-091968,2023,downloaded,2275204,,2026-03-03T13:10:11.378793+00:00
ADM,7084,0001193125-25-062691,2024,downloaded,2624729,,2026-03-03T13:10:11.754874+00:00
ADP,8670,0001308179-23-000987,2023,downloaded,2379857,,2026-03-03T13:10:12.153899+00:00
ADP,8670,0001308179-24-000714,2024,downloaded,2149151,,2026-03-03T13:10:12.488459+00:00
ADSK,769397,0000769397-24-000101,2023,downloaded,1544392,,2026-03-03T13:10:12.831424+00:00
ADSK,769397,0000769397-25-000058,2024,downloaded,1990672,,2026-03-03T13:10:13.180699+00:00
AEE,1002910,0001104659-24-039037,2023,downloaded,2580338,,2026-03-03T13:10:13.586556+00:00
AEE,1002910,0001104659-25-027821,2024,downloaded,2627934,,2026-03-03T13:10:13.852987+00:00
AEP,4904,0000004904-24-000023,2023,downloaded,2179948,,2026-03-03T13:10:14.337543+00:00
AEP,4904,0000004904-25-000043,2024,downloaded,2029840,,2026-03-03T13:10:14.588133+00:00
AES,874761,0000874761-24-000023,2023,downloaded,1409553,,2026-03-03T13:10:14.942960+00:00
AES,874761,0000874761-25-000019,2024,downloaded,1630896,,2026-03-03T13:10:15.284233+00:00
AFL,4977,0000004977-24-000068,2023,downloaded,2116664,,2026-03-03T13:10:15.805873+00:00
AFL,4977,0000004977-25-000059,2024,downloaded,2204026,,2026-03-03T13:10:16.145994+00:00
AIG,5272,0000005272-24-000034,2023,downloaded,2506767,,2026-03-03T13:10:16.527277+00:00
AIG,5272,0000005272-25-000025,2024,downloaded,2138444,,2026-03-03T13:10:16.765479+00:00
AIZ,1267238,0001267238-24-000019,2023,downloaded,1981211,,2026-03-03T13:10:17.298677+00:00
AIZ,1267238,0001267238-25-000018,2024,downloaded,2005866,,2026-03-03T13:10:17.668299+00:00
AJG,354190,0000950170-24-035183,2023,downloaded,4763998,,2026-03-03T13:10:18.049551+00:00
AJG,354190,0000950170-25-043725,2024,downloaded,5738352,,2026-03-03T13:10:18.395147+00:00
AKAM,1086222,0001193125-24-080562,2023,downloaded,1915895,,2026-03-03T13:10:19.115456+00:00
AKAM,1086222,0001193125-25-070445,2024,downloaded,1794533,,2026-03-03T13:10:19.439592+00:00
ALB,915913,0000915913-24-000089,2023,downloaded,1839578,,2026-03-03T13:10:19.782173+00:00
ALB,915913,0000915913-25-000072,2024,downloaded,1749489,,2026-03-03T13:10:20.119024+00:00
ALGN,1097149,0001097149-24-000018,2023,downloaded,1503741,,2026-03-03T13:10:20.441591+00:00
ALGN,1097149,0001097149-25-000021,2024,downloaded,1883242,,2026-03-03T13:10:20.796852+00:00
ALL,899051,0001308179-24-000404,2023,downloaded,2568965,,2026-03-03T13:10:21.388430+00:00
ALL,899051,0000899051-25-000030,2024,downloaded,3881177,,2026-03-03T13:10:21.793445+00:00
ALLE,1579241,0001579241-24-000020,2023,downloaded,1616610,,2026-03-03T13:10:22.115318+00:00
ALLE,1579241,0001104659-25-036159,2024,downloaded,2513303,,2026-03-03T13:10:22.469515+00:00
AMAT,6951,0001193125-24-014287,2023,downloaded,1790201,,2026-03-03T13:10:22.790104+00:00
AMAT,6951,0001193125-25-010409,2024,downloaded,1741466,,2026-03-03T13:10:23.409989+00:00
AMCR,1748790,0001308179-23-001004,2023,downloaded,774681,,2026-03-03T13:10:23.723123+00:00
AMCR,1748790,0001748790-24-000027,2024,downloaded,3159195,,2026-03-03T13:10:24.046165+00:00
AMD,2488,0001193125-24-076513,2023,downloaded,2022553,,2026-03-03T13:10:24.399562+00:00
AMD,2488,0001193125-25-067170,2024,downloaded,2115222,,2026-03-03T13:10:24.779132+00:00
AME,1037868,0001037868-24-000022,2023,downloaded,973787,,2026-03-03T13:10:25.256875+00:00
AME,1037868,0001037868-25-000022,2024,downloaded,1011435,,2026-03-03T13:10:25.621469+00:00
AMGN,318154,0001193125-24-099062,2023,downloaded,3396567,,2026-03-03T13:10:26.068144+00:00
AMGN,318154,0000950170-25-052315,2024,downloaded,6760322,,2026-03-03T13:10:26.588588+00:00
AMP,820027,0001140361-24-013509,2023,downloaded,2606194,,2026-03-03T13:10:26.994545+00:00
AMP,820027,0001104659-25-026644,2024,downloaded,3011290,,2026-03-03T13:10:27.380737+00:00
AMT,1053507,0001053507-24-000075,2023,downloaded,2200678,,2026-03-03T13:10:27.811946+00:00
AMT,1053507,0001053507-25-000092,2024,downloaded,2330705,,2026-03-03T13:10:28.180298+00:00
AMZN,1018724,0001104659-24-045910,2023,downloaded,1927164,,2026-03-03T13:10:28.552302+00:00
AMZN,1018724,0001104659-25-033442,2024,downloaded,1676127,,2026-03-03T13:10:28.920420+00:00
ANET,1596532,0001193125-24-110073,2023,downloaded,1715254,,2026-03-03T13:10:29.406981+00:00
ANET,1596532,0001193125-25-082860,2024,downloaded,1677530,,2026-03-03T13:10:29.756539+00:00
AON,315293,0001193125-24-122308,2023,downloaded,1483344,,2026-03-03T13:10:30.362176+00:00
AON,315293,0001193125-25-100564,2024,downloaded,2076539,,2026-03-03T13:10:30.760237+00:00
AOS,91142,0001193125-24-051896,2023,downloaded,1156961,,2026-03-03T13:10:31.094335+00:00
AOS,91142,0001193125-25-037641,2024,downloaded,1286808,,2026-03-03T13:10:31.422961+00:00
APA,1841666,0001193125-24-094013,2023,downloaded,2402223,,2026-03-03T13:10:31.778804+00:00
APA,1841666,0001193125-25-077464,2024,downloaded,2755801,,2026-03-03T13:10:32.037813+00:00
APD,2969,0001308179-23-001066,2023,downloaded,1252433,,2026-03-03T13:10:32.358619+00:00
APH,820313,0001104659-24-044584,2023,downloaded,2239625,,2026-03-03T13:10:32.946835+00:00
APH,820313,0001104659-25-032005,2024,downloaded,2089306,,2026-03-03T13:10:33.281059+00:00
APO,1858681,0001193125-24-118090,2023,downloaded,1028561,,2026-03-03T13:10:33.749565+00:00
APO,1858681,0001193125-25-096971,2024,downloaded,1000743,,2026-03-03T13:10:33.941679+00:00
APP,1751008,0001751008-24-000028,2023,downloaded,1140096,,2026-03-03T13:10:34.332393+00:00
APP,1751008,0001751008-25-000041,2024,downloaded,1073754,,2026-03-03T13:10:34.627638+00:00
APTV,1521332,0001193125-24-064797,2023,downloaded,1715846,,2026-03-03T13:10:34.945588+00:00
APTV,1521332,0000950170-25-036263,2024,downloaded,3218752,,2026-03-03T13:10:35.212534+00:00
ARE,1035443,0001035443-24-000133,2023,downloaded,2175631,,2026-03-03T13:10:35.756970+00:00
ARE,1035443,0001035443-25-000103,2024,downloaded,6399627,,2026-03-03T13:10:36.603594+00:00
ARES,1176948,0001628280-24-016964,2023,downloaded,900827,,2026-03-03T13:10:37.130524+00:00
ARES,1176948,0001628280-25-018040,2024,downloaded,982261,,2026-03-03T13:10:37.469542+00:00
ATO,731802,0000731802-23-000036,2023,downloaded,1385727,,2026-03-03T13:10:37.892601+00:00
ATO,731802,0000731802-24-000035,2024,downloaded,1582670,,2026-03-03T13:10:38.216636+00:00
AVB,915912,0001308179-24-000352,2023,downloaded,1293128,,2026-03-03T13:10:38.722335+00:00
AVB,915912,0001558370-25-004321,2024,downloaded,2798570,,2026-03-03T13:10:39.121933+00:00
AVGO,1730168,0001140361-24-009541,2023,downloaded,1809909,,2026-03-03T13:10:39.450964+00:00
AVGO,1730168,0001193125-25-044112,2024,downloaded,1405691,,2026-03-03T13:10:39.796208+00:00
AVY,8818,0001193125-24-064252,2023,downloaded,2763716,,2026-03-03T13:10:40.320550+00:00
AVY,8818,0001193125-25-048919,2024,downloaded,2644854,,2026-03-03T13:10:40.693989+00:00
AWK,1410636,0001193125-24-077207,2023,downloaded,1790169,,2026-03-03T13:10:41.075820+00:00
AWK,1410636,0001193125-25-064607,2024,downloaded,2139505,,2026-03-03T13:10:41.310834+00:00
AXON,1069183,0001558370-24-004374,2023,downloaded,3422096,,2026-03-03T13:10:41.724602+00:00
AXON,1069183,0001069183-25-000055,2024,downloaded,3214262,,2026-03-03T13:10:42.169748+00:00
AXP,4962,0001193125-24-068837,2023,downloaded,2711177,,2026-03-03T13:10:42.596796+00:00
AXP,4962,0001193125-25-054588,2024,downloaded,2208752,,2026-03-03T13:10:42.856252+00:00
AZO,866787,0001558370-23-017013,2023,downloaded,2995570,,2026-03-03T13:10:43.398832+00:00
AZO,866787,0001558370-24-013963,2024,downloaded,3331524,,2026-03-03T13:10:43.782507+00:00
BA,12927,0001193125-24-088568,2023,downloaded,2090221,,2026-03-03T13:10:44.137784+00:00
BA,12927,0001193125-25-049921,2024,downloaded,2273256,,2026-03-03T13:10:44.516580+00:00
BAC,70858,0001193125-25-050578,2024,downloaded,2389446,,2026-03-03T13:10:44.767093+00:00
BALL,9389,0001104659-24-033725,2023,downloaded,3120495,,2026-03-03T13:10:45.322597+00:00
BALL,9389,0001104659-25-026013,2024,downloaded,2784882,,2026-03-03T13:10:45.646200+00:00
BAX,10456,0001193125-24-075975,2023,downloaded,3014545,,2026-03-03T13:10:46.025107+00:00
BAX,10456,0001628280-25-014747,2024,downloaded,4157640,,2026-03-03T13:10:46.422894+00:00
BBY,764478,0001140361-24-023237,2023,downloaded,2434450,,2026-03-03T13:10:46.750275+00:00
BBY,764478,0001140361-25-016935,2024,downloaded,2522541,,2026-03-03T13:10:47.273287+00:00
BDX,10795,0000010795-23-000118,2023,downloaded,1531017,,2026-03-03T13:10:47.600974+00:00
BDX,10795,0000010795-24-000096,2024,downloaded,1588826,,2026-03-03T13:10:47.979144+00:00
BEN,38777,0001308179-23-001092,2023,downloaded,1229381,,2026-03-03T13:10:48.190792+00:00
BEN,38777,0001140361-24-050019,2024,downloaded,1776486,,2026-03-03T13:10:48.426880+00:00
BF-B,14693,0001193125-24-165706,2023,downloaded,1948525,,2026-03-03T13:10:48.646654+00:00
BF-B,14693,0001193125-25-143663,2024,downloaded,2082342,,2026-03-03T13:10:49.053191+00:00
BG,1996862,0001996862-24-000087,2023,downloaded,1886664,,2026-03-03T13:10:49.615998+00:00
BG,1996862,0001996862-25-000078,2024,downloaded,1940902,,2026-03-03T13:10:50.155875+00:00
BIIB,875045,0001193125-24-118313,2023,downloaded,2059972,,2026-03-03T13:10:50.525978+00:00
BIIB,875045,0001193125-25-097747,2024,downloaded,1711400,,2026-03-03T13:10:50.860092+00:00
BK,1390777,0001193125-24-051895,2023,downloaded,2218716,,2026-03-03T13:10:51.242665+00:00
BK,1390777,0001193125-25-046216,2024,downloaded,2182287,,2026-03-03T13:10:51.593006+00:00
BKNG,1075531,0001308179-24-000549,2023,downloaded,1421855,,2026-03-03T13:10:52.193473+00:00
BKNG,1075531,0001308179-25-000476,2024,downloaded,1390825,,2026-03-03T13:10:52.600865+00:00
BKR,1701605,0001193125-24-084804,2023,downloaded,2118492,,2026-03-03T13:10:53.243231+00:00
BKR,1701605,0001193125-25-067674,2024,downloaded,1873419,,2026-03-03T13:10:53.594657+00:00
BLDR,1316835,0000950170-24-047767,2023,downloaded,2363676,,2026-03-03T13:10:53.980483+00:00
BLDR,1316835,0000950170-25-054235,2024,downloaded,4449913,,2026-03-03T13:10:54.368333+00:00
BLK,2012383,0001308179-25-000388,2024,downloaded,2899181,,2026-03-03T13:10:54.756384+00:00
BMY,14272,0001140361-24-016251,2023,downloaded,3043674,,2026-03-03T13:10:55.320866+00:00
BMY,14272,0000014272-25-000075,2024,downloaded,2098913,,2026-03-03T13:10:55.686310+00:00
BR,1383312,0001140361-23-045526,2023,downloaded,1783474,,2026-03-03T13:10:56.255223+00:00
BR,1383312,0001140361-24-042562,2024,downloaded,2705041,,2026-03-03T13:10:56.883474+00:00
BRK-B,1067983,0001193125-24-069107,2023,downloaded,357753,,2026-03-03T13:10:57.261010+00:00
BRK-B,1067983,0001193125-25-054877,2024,downloaded,391494,,2026-03-03T13:10:57.457015+00:00
BRO,79282,0001193125-24-076607,2023,downloaded,1962490,,2026-03-03T13:10:57.898214+00:00
BRO,79282,0001193125-25-061457,2024,downloaded,2151239,,2026-03-03T13:10:58.255170+00:00
BSX,885725,0000885725-24-000033,2023,downloaded,2460696,,2026-03-03T13:10:58.625928+00:00
BSX,885725,0000885725-25-000017,2024,downloaded,2289723,,2026-03-03T13:10:59.043918+00:00
BXP,1037540,0001656423-24-000016,2023,downloaded,2603993,,2026-03-03T13:10:59.498452+00:00
BXP,1037540,0001656423-25-000020,2024,downloaded,2453504,,2026-03-03T13:10:59.983672+00:00
C,831001,0001145443-25-000075,2024,downloaded,2145158,,2026-03-03T13:11:00.372815+00:00
CAG,23217,0001558370-24-011213,2023,downloaded,3861600,,2026-03-03T13:11:00.943363+00:00
CAH,721371,0001308179-23-001007,2023,downloaded,1288544,,2026-03-03T13:11:01.325693+00:00
CAH,721371,0000721371-24-000103,2024,downloaded,2023171,,2026-03-03T13:11:01.688769+00:00
CARR,1783180,0001783180-24-000027,2023,downloaded,2458646,,2026-03-03T13:11:02.203843+00:00
CARR,1783180,0001783180-25-000014,2024,downloaded,3059596,,2026-03-03T13:11:02.588600+00:00
CAT,18230,0001308179-24-000623,2023,downloaded,1229372,,2026-03-03T13:11:02.929903+00:00
CAT,18230,0001308179-25-000529,2024,downloaded,1434272,,2026-03-03T13:11:03.279205+00:00
CB,896159,0001104659-24-041810,2023,downloaded,3227617,,2026-03-03T13:11:03.736012+00:00
CB,896159,0001104659-25-030554,2024,downloaded,2765653,,2026-03-03T13:11:04.115189+00:00
CBOE,1374310,0001558370-24-004692,2023,downloaded,3172344,,2026-03-03T13:11:04.475481+00:00
CBOE,1374310,0001628280-25-016381,2024,downloaded,4906460,,2026-03-03T13:11:04.994693+00:00
CBRE,1138118,0001193125-24-093832,2023,downloaded,2127340,,2026-03-03T13:11:05.363126+00:00
CBRE,1138118,0000950170-25-050878,2024,downloaded,6181659,,2026-03-03T13:11:05.999781+00:00
CCI,1051470,0001051470-25-000115,2024,downloaded,1744384,,2026-03-03T13:11:06.501540+00:00
CCL,815097,0001104659-24-026863,2023,downloaded,5082360,,2026-03-03T13:11:06.957513+00:00
CCL,815097,0001104659-25-018754,2024,downloaded,4679246,,2026-03-03T13:11:07.428211+00:00
CDNS,813672,0001193125-24-073902,2023,downloaded,1850238,,2026-03-03T13:11:07.773949+00:00
CDNS,813672,0001193125-25-062605,2024,downloaded,1737042,,2026-03-03T13:11:08.097288+00:00
CDW,1402057,0001308179-24-000494,2023,downloaded,1075989,,2026-03-03T13:11:08.444991+00:00
CDW,1402057,0001308179-25-000419,2024,downloaded,1496884,,2026-03-03T13:11:08.777783+00:00
CEG,1868275,0001552781-24-000159,2023,downloaded,1491653,,2026-03-03T13:11:09.138067+00:00
CEG,1868275,0001552781-25-000090,2024,downloaded,1517534,,2026-03-03T13:11:09.472286+00:00
CF,1324404,0001104659-24-031807,2023,downloaded,2149595,,2026-03-03T13:11:10.009862+00:00
CF,1324404,0001104659-25-027767,2024,downloaded,2223987,,2026-03-03T13:11:10.396021+00:00
CFG,759944,0000759944-24-000054,2023,downloaded,2775828,,2026-03-03T13:11:10.810318+00:00
CFG,759944,0000759944-25-000044,2024,downloaded,2448031,,2026-03-03T13:11:11.061799+00:00
CHD,313927,0001193125-24-075319,2023,downloaded,2128293,,2026-03-03T13:11:11.424510+00:00
CHD,313927,0001193125-25-059273,2024,downloaded,2273807,,2026-03-03T13:11:11.761562+00:00
CHRW,1043277,0001043277-24-000013,2023,downloaded,1926611,,2026-03-03T13:11:12.300989+00:00
CHRW,1043277,0001043277-25-000014,2024,downloaded,2004465,,2026-03-03T13:11:12.660203+00:00
CHTR,1091667,0001193125-24-067965,2023,downloaded,1563140,,2026-03-03T13:11:13.033561+00:00
CHTR,1091667,0001140361-25-008627,2024,downloaded,2014006,,2026-03-03T13:11:13.396625+00:00
CI,1739940,0001739940-24-000010,2023,downloaded,2438604,,2026-03-03T13:11:13.757857+00:00
CI,1739940,0001739940-25-000015,2024,downloaded,2111826,,2026-03-03T13:11:14.107859+00:00
CIEN,936395,0001193125-24-027738,2023,downloaded,1836082,,2026-03-03T13:11:14.458753+00:00
CIEN,936395,0000950170-25-019400,2024,downloaded,3606678,,2026-03-03T13:11:14.803893+00:00
CINF,20286,0000020286-24-000021,2023,downloaded,1375764,,2026-03-03T13:11:15.442344+00:00
CINF,20286,0000020286-25-000019,2024,downloaded,1449071,,2026-03-03T13:11:15.937912+00:00
CL,21665,0001308179-24-000306,2023,downloaded,1776979,,2026-03-03T13:11:16.333667+00:00
CL,21665,0001308179-25-000223,2024,downloaded,2049564,,2026-03-03T13:11:16.677533+00:00
CLX,21076,0001206774-23-001178,2023,downloaded,3561760,,2026-03-03T13:11:17.072421+00:00
CLX,21076,0001552781-24-000563,2024,downloaded,3030610,,2026-03-03T13:11:17.494490+00:00
CMCSA,1166691,0001308179-24-000600,2023,downloaded,1304457,,2026-03-03T13:11:17.879587+00:00
CMCSA,1166691,0001308179-25-000504,2024,downloaded,1450729,,2026-03-03T13:11:18.301948+00:00
CME,1156375,0001156375-24-000018,2023,downloaded,2393852,,2026-03-03T13:11:18.640522+00:00
CME,1156375,0001156375-25-000077,2024,downloaded,2179607,,2026-03-03T13:11:18.994630+00:00
CMG,1058090,0001140361-24-021181,2023,downloaded,2367307,,2026-03-03T13:11:19.543982+00:00
CMG,1058090,0001140361-25-015614,2024,downloaded,2727621,,2026-03-03T13:11:19.896742+00:00
CMI,26172,0001104659-24-041821,2023,downloaded,2957454,,2026-03-03T13:11:20.603515+00:00
CMI,26172,0001104659-25-029877,2024,downloaded,2956244,,2026-03-03T13:11:20.951756+00:00
CMS,811156,0000811156-24-000052,2023,downloaded,1783393,,2026-03-03T13:11:21.594066+00:00
CMS,811156,0001140361-25-009708,2024,downloaded,2520672,,2026-03-03T13:11:21.912824+00:00
CNC,1071739,0001071739-24-000069,2023,downloaded,2518144,,2026-03-03T13:11:22.245522+00:00
CNC,1071739,0001071739-25-000063,2024,downloaded,2711754,,2026-03-03T13:11:22.640286+00:00
CNP,1130310,0001104659-24-035036,2023,downloaded,3528332,,2026-03-03T13:11:23.005372+00:00
CNP,1130310,0001104659-25-020886,2024,downloaded,3490778,,2026-03-03T13:11:23.405550+00:00
COF,927628,0001193125-24-072711,2023,downloaded,2990177,,2026-03-03T13:11:23.763434+00:00
COF,927628,0001193125-25-065530,2024,downloaded,2719979,,2026-03-03T13:11:24.330975+00:00
COIN,1679788,0001679788-24-000080,2023,downloaded,997993,,2026-03-03T13:11:24.663339+00:00
COIN,1679788,0001679788-25-000070,2024,downloaded,1002321,,2026-03-03T13:11:24.962491+00:00
COO,711404,0000711404-24-000008,2023,downloaded,1386228,,2026-03-03T13:11:25.298516+00:00
COO,711404,0000711404-25-000003,2024,downloaded,1385597,,2026-03-03T13:11:25.622480+00:00
COP,1163165,0001308179-24-000384,2023,downloaded,2291334,,2026-03-03T13:11:25.896146+00:00
COP,1163165,0001308179-25-000308,2024,downloaded,0,suspect_file,2026-03-03T13:11:26.067749+00:00
COR,1140859,0001104659-24-007747,2023,downloaded,2614196,,2026-03-03T13:11:26.405262+00:00
COR,1140859,0001140859-25-000017,2024,downloaded,1848563,,2026-03-03T13:11:26.719316+00:00
COST,909832,0000909832-23-000058,2023,downloaded,577541,,2026-03-03T13:11:27.008200+00:00
COST,909832,0000909832-24-000072,2024,downloaded,622178,,2026-03-03T13:11:27.320334+00:00
CPAY,1175454,0001140361-24-022325,2023,downloaded,2624427,,2026-03-03T13:11:27.652149+00:00
CPAY,1175454,0001628280-25-021131,2024,downloaded,4950041,,2026-03-03T13:11:28.376011+00:00
CPB,16732,0001308179-23-001035,2023,downloaded,1707672,,2026-03-03T13:11:28.927342+00:00
CPB,16732,0001308179-24-000757,2024,downloaded,1841442,,2026-03-03T13:11:29.470721+00:00
CPRT,900075,0001193125-23-263822,2023,downloaded,1256052,,2026-03-03T13:11:29.877801+00:00
CPRT,900075,0001193125-24-242623,2024,downloaded,1139906,,2026-03-03T13:11:30.269595+00:00
CPT,906345,0000906345-24-000010,2023,downloaded,1441330,,2026-03-03T13:11:30.881482+00:00
CPT,906345,0000906345-25-000014,2024,downloaded,1437364,,2026-03-03T13:11:31.227335+00:00
CRH,849395,0001628280-25-015342,2024,downloaded,2099204,,2026-03-03T13:11:31.660256+00:00
CRL,1100682,0001104659-24-040854,2023,downloaded,2530348,,2026-03-03T13:11:32.363250+00:00
CRL,1100682,0001104659-25-030908,2024,downloaded,2352505,,2026-03-03T13:11:32.750925+00:00
CRM,1108524,0001193125-24-140549,2023,downloaded,2447331,,2026-03-03T13:11:33.172598+00:00
CRM,1108524,0001108524-25-000009,2024,downloaded,3137672,,2026-03-03T13:11:33.482455+00:00
CRWD,1535527,0001104659-24-057449,2023,downloaded,1768727,,2026-03-03T13:11:33.715765+00:00
CRWD,1535527,0001104659-25-045047,2024,downloaded,1657450,,2026-03-03T13:11:33.955360+00:00
CSCO,858877,0001104659-23-109641,2023,downloaded,2965453,,2026-03-03T13:11:34.458819+00:00
CSCO,858877,0001104659-24-109859,2024,downloaded,2953165,,2026-03-03T13:11:34.824119+00:00
CSGP,1057352,0001193125-24-117787,2023,downloaded,1726582,,2026-03-03T13:11:35.142785+00:00
CSGP,1057352,0001193125-25-107493,2024,downloaded,2276932,,2026-03-03T13:11:35.498969+00:00
CSX,277948,0000277948-24-000016,2023,downloaded,2121083,,2026-03-03T13:11:36.125255+00:00
CSX,277948,0000277948-25-000017,2024,downloaded,2167938,,2026-03-03T13:11:36.488084+00:00
CTAS,723254,0000723254-23-000030,2023,downloaded,939230,,2026-03-03T13:11:36.806209+00:00
CTAS,723254,0000723254-24-000047,2024,downloaded,1357586,,2026-03-03T13:11:37.155617+00:00
CTRA,858470,0001104659-24-036565,2023,downloaded,2776431,,2026-03-03T13:11:37.542447+00:00
CTRA,858470,0001104659-25-026126,2024,downloaded,2150733,,2026-03-03T13:11:37.923777+00:00
CTSH,1058290,0001308179-24-000541,2023,downloaded,1861372,,2026-03-03T13:11:38.268803+00:00
CTSH,1058290,0001359948-25-000472,2024,downloaded,1727089,,2026-03-03T13:11:38.630758+00:00
CTVA,1755672,0001193125-24-069255,2023,downloaded,1638020,,2026-03-03T13:11:38.981066+00:00
CTVA,1755672,0000950170-25-043278,2024,downloaded,5047120,,2026-03-03T13:11:39.362771+00:00
CVNA,1690820,0001690820-24-000138,2023,downloaded,1264937,,2026-03-03T13:11:39.817635+00:00
CVNA,1690820,0001690820-25-000105,2024,downloaded,1398945,,2026-03-03T13:11:40.150362+00:00
CVS,64803,0001308179-24-000463,2023,downloaded,2087642,,2026-03-03T13:11:40.519018+00:00
CVS,64803,0001308179-25-000386,2024,downloaded,1899871,,2026-03-03T13:11:40.868759+00:00
CVX,93410,0001193125-24-091327,2023,downloaded,2545671,,2026-03-03T13:11:41.227475+00:00
CVX,93410,0001193125-25-076803,2024,downloaded,2921532,,2026-03-03T13:11:41.625088+00:00
D,715957,0001193125-24-075247,2023,downloaded,2013579,,2026-03-03T13:11:42.047955+00:00
D,715957,0000950170-25-046340,2024,downloaded,4589923,,2026-03-03T13:11:42.422443+00:00
DAL,27904,0001308179-24-000615,2023,downloaded,1377235,,2026-03-03T13:11:42.782200+00:00
DAL,27904,0001308179-25-000514,2024,downloaded,1880035,,2026-03-03T13:11:43.121612+00:00
DASH,1792789,0001628280-24-018671,2023,downloaded,948940,,2026-03-03T13:11:43.576494+00:00
DASH,1792789,0001628280-25-020666,2024,downloaded,975409,,2026-03-03T13:11:43.901182+00:00
DD,1666700,0001193125-24-088290,2023,downloaded,2843772,,2026-03-03T13:11:44.314245+00:00
DD,1666700,0001193125-25-071813,2024,downloaded,2904950,,2026-03-03T13:11:44.879991+00:00
DDOG,1561550,0001561550-24-000042,2023,downloaded,966402,,2026-03-03T13:11:45.167944+00:00
DDOG,1561550,0001561550-25-000108,2024,downloaded,1027192,,2026-03-03T13:11:45.558496+00:00
DE,315189,0001558370-24-000170,2023,downloaded,7497424,,2026-03-03T13:11:46.028813+00:00
DE,315189,0001558370-25-000112,2024,downloaded,7662063,,2026-03-03T13:11:46.597372+00:00
DECK,910521,0000910521-24-000031,2023,downloaded,1803793,,2026-03-03T13:11:46.933965+00:00
DELL,1571996,0001193125-24-141729,2023,downloaded,2012405,,2026-03-03T13:11:47.272931+00:00
DELL,1571996,0001193125-25-121698,2024,downloaded,1926799,,2026-03-03T13:11:47.591305+00:00
DG,29534,0001104659-24-044304,2023,downloaded,2033936,,2026-03-03T13:11:48.038072+00:00
DG,29534,0001104659-25-033041,2024,downloaded,2167838,,2026-03-03T13:11:48.409355+00:00
DGX,1022079,0000930413-24-001247,2023,downloaded,1151236,,2026-03-03T13:11:48.908818+00:00
DGX,1022079,0000930413-25-001171,2024,downloaded,1184792,,2026-03-03T13:11:49.260557+00:00
DHI,882184,0001193125-23-296787,2023,downloaded,1755607,,2026-03-03T13:11:49.617874+00:00
DHI,882184,0001193125-24-278379,2024,downloaded,1572236,,2026-03-03T13:11:50.270614+00:00
DHR,313616,0001308179-24-000303,2023,downloaded,1587567,,2026-03-03T13:11:50.643362+00:00
DHR,313616,0000313616-25-000081,2024,downloaded,1947670,,2026-03-03T13:11:50.967523+00:00
DIS,1744489,0001744489-25-000059,2024,downloaded,2415875,,2026-03-03T13:11:51.498133+00:00
DLR,1297996,0001308179-24-000607,2023,downloaded,1243470,,2026-03-03T13:11:51.909205+00:00
DLR,1297996,0001308179-25-000509,2024,downloaded,1221369,,2026-03-03T13:11:52.275042+00:00
DLTR,935703,0001104659-24-057684,2023,downloaded,2158079,,2026-03-03T13:11:52.821053+00:00
DLTR,935703,0001104659-25-044819,2024,downloaded,2332892,,2026-03-03T13:11:53.584820+00:00
DOC,765880,0001308179-24-000116,2023,downloaded,1536589,,2026-03-03T13:11:54.171080+00:00
DOC,765880,0001308179-25-000098,2024,downloaded,1744269,,2026-03-03T13:11:54.548792+00:00
DOV,29905,0001193125-24-073302,2023,downloaded,1904560,,2026-03-03T13:11:54.933421+00:00
DOV,29905,0001193125-25-058312,2024,downloaded,2016834,,2026-03-03T13:11:55.485368+00:00
DOW,1751788,0001193125-24-055895,2023,downloaded,2375552,,2026-03-03T13:11:55.868957+00:00
DOW,1751788,0000950170-25-029994,2024,downloaded,8555151,,2026-03-03T13:11:56.371608+00:00
DPZ,1286681,0001193125-24-068579,2023,downloaded,1756130,,2026-03-03T13:11:56.895931+00:00
DPZ,1286681,0001193125-25-054426,2024,downloaded,2016253,,2026-03-03T13:11:57.417236+00:00
DRI,940944,0000950170-24-090429,2023,downloaded,4722593,,2026-03-03T13:11:57.993327+00:00
DTE,936340,0000936340-24-000100,2023,downloaded,1454582,,2026-03-03T13:11:58.321975+00:00
DTE,936340,0000936340-25-000081,2024,downloaded,1682556,,2026-03-03T13:11:58.856360+00:00
DUK,1326160,0001104659-24-037589,2023,downloaded,2782582,,2026-03-03T13:11:59.516831+00:00
DUK,1326160,0001104659-25-023754,2024,downloaded,2563709,,2026-03-03T13:12:00.120793+00:00
DVA,927066,0000927066-24-000078,2023,downloaded,1629358,,2026-03-03T13:12:00.597560+00:00
DVA,927066,0000927066-25-000076,2024,downloaded,1732717,,2026-03-03T13:12:00.934388+00:00
DVN,1090012,0001104659-24-051304,2023,downloaded,2257103,,2026-03-03T13:12:01.347161+00:00
DVN,1090012,0001104659-25-037545,2024,downloaded,2348567,,2026-03-03T13:12:01.717412+00:00
DXCM,1093557,0001093557-24-000070,2023,downloaded,1529222,,2026-03-03T13:12:02.141988+00:00
DXCM,1093557,0001093557-25-000100,2024,downloaded,1902480,,2026-03-03T13:12:02.560739+00:00
EA,712515,0001308179-24-000640,2023,downloaded,1694611,,2026-03-03T13:12:03.243792+00:00
EA,712515,0001308179-25-000556,2024,downloaded,1268901,,2026-03-03T13:12:03.580996+00:00
EBAY,1065088,0001104659-24-051996,2023,downloaded,2519287,,2026-03-03T13:12:04.214842+00:00
EBAY,1065088,0001104659-25-042545,2024,downloaded,3158775,,2026-03-03T13:12:04.614074+00:00
ECL,31462,0001104659-24-035047,2023,downloaded,4140807,,2026-03-03T13:12:05.383406+00:00
ECL,31462,0001104659-25-027292,2024,downloaded,3880333,,2026-03-03T13:12:05.856921+00:00
ED,1047862,0001140361-24-019096,2023,downloaded,4105076,,2026-03-03T13:12:06.451043+00:00
ED,1047862,0001047862-25-000032,2024,downloaded,2038199,,2026-03-03T13:12:06.824440+00:00
EFX,33185,0001308179-24-000243,2023,downloaded,1628998,,2026-03-03T13:12:07.069744+00:00
EFX,33185,0001104659-25-029348,2024,downloaded,3967365,,2026-03-03T13:12:07.706095+00:00
EG,1095073,0001095073-24-000018,2023,downloaded,4109463,,2026-03-03T13:12:08.292733+00:00
EG,1095073,0001095073-25-000035,2024,downloaded,4470055,,2026-03-03T13:12:08.710552+00:00
EIX,827052,0001558370-24-003398,2023,downloaded,3644054,,2026-03-03T13:12:09.259830+00:00
EIX,827052,0001558370-25-003002,2024,downloaded,3669933,,2026-03-03T13:12:09.649889+00:00
EL,1001250,0001104659-23-104591,2023,downloaded,2884455,,2026-03-03T13:12:10.019712+00:00
EL,1001250,0001104659-24-101259,2024,downloaded,3068184,,2026-03-03T13:12:10.716735+00:00
ELV,1156039,0001156039-24-000050,2023,downloaded,2108307,,2026-03-03T13:12:11.030115+00:00
ELV,1156039,0001156039-25-000046,2024,downloaded,2045418,,2026-03-03T13:12:11.399541+00:00
EME,105634,0001140361-24-021607,2023,downloaded,1099089,,2026-03-03T13:12:11.945675+00:00
EME,105634,0001140361-25-015031,2024,downloaded,1225684,,2026-03-03T13:12:12.483393+00:00
EMR,32604,0001193125-23-291718,2023,downloaded,1829524,,2026-03-03T13:12:12.987073+00:00
EMR,32604,0000032604-24-000057,2024,downloaded,1620753,,2026-03-03T13:12:13.494302+00:00
EOG,821189,0001193125-24-080647,2023,downloaded,1737048,,2026-03-03T13:12:13.995351+00:00
EOG,821189,0001193125-25-067233,2024,downloaded,1683213,,2026-03-03T13:12:14.367206+00:00
EPAM,1352010,0001193125-24-097726,2023,downloaded,1454642,,2026-03-03T13:12:14.905180+00:00
EPAM,1352010,0001140361-25-013035,2024,downloaded,2782411,,2026-03-03T13:12:15.313680+00:00
EQIX,1101239,0001628280-24-016094,2023,downloaded,1838705,,2026-03-03T13:12:15.683406+00:00
EQIX,1101239,0001628280-25-017318,2024,downloaded,2198044,,2026-03-03T13:12:15.965670+00:00
EQR,906107,0000950170-24-044809,2023,downloaded,2356070,,2026-03-03T13:12:16.569082+00:00
EQR,906107,0000950170-25-054259,2024,downloaded,3211229,,2026-03-03T13:12:17.312664+00:00
EQT,33213,0001104659-24-029592,2023,downloaded,2542912,,2026-03-03T13:12:17.827095+00:00
EQT,33213,0001104659-25-019408,2024,downloaded,2640864,,2026-03-03T13:12:18.442583+00:00
ES,72741,0001104659-24-037863,2023,downloaded,2093828,,2026-03-03T13:12:18.977805+00:00
ES,72741,0001104659-25-026671,2024,downloaded,2166631,,2026-03-03T13:12:19.448608+00:00
ESS,920522,0001140361-24-016195,2023,downloaded,2013227,,2026-03-03T13:12:19.992744+00:00
ESS,920522,0001558370-25-003997,2024,downloaded,2435078,,2026-03-03T13:12:20.575055+00:00
ETN,1551182,0001308179-24-000169,2023,downloaded,1110275,,2026-03-03T13:12:21.123537+00:00
ETN,1551182,0001308179-25-000129,2024,downloaded,1552045,,2026-03-03T13:12:21.678366+00:00
ETR,65984,0000065984-24-000029,2023,downloaded,2086293,,2026-03-03T13:12:22.097644+00:00
ETR,65984,0000065984-25-000026,2024,downloaded,1947206,,2026-03-03T13:12:22.434019+00:00
EVRG,1711269,0001140361-24-016119,2023,downloaded,2710290,,2026-03-03T13:12:23.016016+00:00
EVRG,1711269,0001140361-25-010682,2024,downloaded,2844387,,2026-03-03T13:12:23.667498+00:00
EW,1099800,0001099800-24-000032,2023,downloaded,1851071,,2026-03-03T13:12:24.306181+00:00
EW,1099800,0001099800-25-000013,2024,downloaded,2268100,,2026-03-03T13:12:24.962927+00:00
EXC,1109357,0001109357-24-000076,2023,downloaded,1927255,,2026-03-03T13:12:25.365545+00:00
EXC,1109357,0001109357-25-000074,2024,downloaded,1893110,,2026-03-03T13:12:25.786355+00:00
EXE,895126,0001104659-24-052456,2023,downloaded,619649,,2026-03-03T13:12:26.297898+00:00
EXE,895126,0001104659-25-039048,2024,downloaded,661470,,2026-03-03T13:12:26.778889+00:00
EXPD,746515,0000950170-24-036522,2023,downloaded,1196934,,2026-03-03T13:12:27.201774+00:00
EXPD,746515,0000950170-25-044161,2024,downloaded,1212154,,2026-03-03T13:12:28.101417+00:00
EXPE,1324424,0001324424-24-000017,2023,downloaded,1214689,,2026-03-03T13:12:28.572088+00:00
EXPE,1324424,0001324424-25-000019,2024,downloaded,1212435,,2026-03-03T13:12:28.908641+00:00
EXR,1289490,0001628280-24-014598,2023,downloaded,938435,,2026-03-03T13:12:29.370991+00:00
EXR,1289490,0001628280-25-015917,2024,downloaded,1405587,,2026-03-03T13:12:29.805087+00:00
F,37996,0001104659-24-040871,2023,downloaded,2757998,,2026-03-03T13:12:30.411660+00:00
F,37996,0001104659-25-029100,2024,downloaded,3285008,,2026-03-03T13:12:30.914859+00:00
FANG,1539838,0001308179-24-000579,2023,downloaded,1382669,,2026-03-03T13:12:31.412048+00:00
FANG,1539838,0001308179-25-000434,2024,downloaded,1598443,,2026-03-03T13:12:31.983758+00:00
FAST,815556,0000815556-24-000015,2023,downloaded,1043204,,2026-03-03T13:12:32.458651+00:00
FAST,815556,0000815556-25-000070,2024,downloaded,882655,,2026-03-03T13:12:32.899491+00:00
FCX,831259,0001193125-24-116028,2023,downloaded,2392821,,2026-03-03T13:12:34.137671+00:00
FCX,831259,0001193125-25-095175,2024,downloaded,2770028,,2026-03-03T13:12:34.586948+00:00
FDS,1013237,0001013237-23-000130,2023,downloaded,1458366,,2026-03-03T13:12:35.012396+00:00
FDS,1013237,0001013237-24-000145,2024,downloaded,1621319,,2026-03-03T13:12:35.676607+00:00
FDX,1048911,0001308179-24-000696,2023,downloaded,2569636,,2026-03-03T13:12:36.208099+00:00
FE,1031296,0001193125-24-082179,2023,downloaded,2946893,,2026-03-03T13:12:36.690348+00:00
FE,1031296,0001193125-25-071853,2024,downloaded,2394943,,2026-03-03T13:12:37.170910+00:00
FFIV,1048695,0001140361-24-004097,2023,downloaded,2019291,,2026-03-03T13:12:38.006906+00:00
FFIV,1048695,0001140361-25-002078,2024,downloaded,2082910,,2026-03-03T13:12:38.383594+00:00
FICO,814547,0001193125-24-005936,2023,downloaded,1379137,,2026-03-03T13:12:38.692906+00:00
FICO,814547,0001193125-25-013338,2024,downloaded,2545643,,2026-03-03T13:12:39.077586+00:00
FIS,1136893,0001193125-24-118098,2023,downloaded,1522999,,2026-03-03T13:12:39.478967+00:00
FIS,1136893,0001136893-25-000047,2024,downloaded,4769165,,2026-03-03T13:12:40.319685+00:00
FISV,798354,0001140361-24-017619,2023,downloaded,2164579,,2026-03-03T13:12:40.697866+00:00
FISV,798354,0001140361-25-011869,2024,downloaded,2017154,,2026-03-03T13:12:41.137930+00:00
FITB,35527,0001193125-24-058164,2023,downloaded,3060794,,2026-03-03T13:12:41.785041+00:00
FITB,35527,0001193125-25-045653,2024,downloaded,2543585,,2026-03-03T13:12:42.161924+00:00
FIX,1035983,0001308179-24-000481,2023,downloaded,1124402,,2026-03-03T13:12:42.711981+00:00
FIX,1035983,0001308179-25-000407,2024,downloaded,1432703,,2026-03-03T13:12:43.214005+00:00
FOX,1754301,0001193125-23-240490,2023,downloaded,1857178,,2026-03-03T13:12:43.741719+00:00
FOX,1754301,0001193125-24-226930,2024,downloaded,2865667,,2026-03-03T13:12:44.283358+00:00
FRT,34903,0001193125-24-074608,2023,downloaded,1061721,,2026-03-03T13:12:44.717684+00:00
FRT,34903,0001193125-25-066328,2024,downloaded,1151080,,2026-03-03T13:12:45.102631+00:00
FSLR,1274494,0001274494-24-000018,2023,downloaded,1145844,,2026-03-03T13:12:45.542743+00:00
FSLR,1274494,0001274494-25-000023,2024,downloaded,1043654,,2026-03-03T13:12:45.877644+00:00
FTNT,1262039,0001174947-24-000602,2023,downloaded,3109862,,2026-03-03T13:12:46.327801+00:00
FTNT,1262039,0001174947-25-000618,2024,downloaded,2769560,,2026-03-03T13:12:46.774042+00:00
FTV,1659166,0001193125-24-104931,2023,downloaded,2504135,,2026-03-03T13:12:47.439807+00:00
FTV,1659166,0000950170-25-056329,2024,downloaded,10306173,,2026-03-03T13:12:47.953513+00:00
GD,40533,0001308179-24-000257,2023,downloaded,1434046,,2026-03-03T13:12:48.495235+00:00
GD,40533,0001308179-25-000291,2024,downloaded,1919834,,2026-03-03T13:12:48.886064+00:00
GDDY,1609711,0001609711-24-000063,2023,downloaded,2517362,,2026-03-03T13:12:49.315187+00:00
GDDY,1609711,0001609711-25-000070,2024,downloaded,1922017,,2026-03-03T13:12:49.730926+00:00
GE,40545,0001308179-24-000139,2023,downloaded,1583261,,2026-03-03T13:12:50.411962+00:00
GE,40545,0001308179-25-000114,2024,downloaded,2072897,,2026-03-03T13:12:50.832219+00:00
GEHC,1932393,0001932393-24-000022,2023,downloaded,1727090,,2026-03-03T13:12:51.204299+00:00
GEHC,1932393,0001628280-25-017240,2024,downloaded,1793776,,2026-03-03T13:12:51.594525+00:00
GEN,849399,0001140361-24-034509,2023,downloaded,2705269,,2026-03-03T13:12:52.065856+00:00
GEV,1996810,0001996810-25-000049,2024,downloaded,1900617,,2026-03-03T13:12:52.425897+00:00
GILD,882095,0001308179-24-000348,2023,downloaded,1916289,,2026-03-03T13:12:53.009365+00:00
GILD,882095,0001308179-25-000252,2024,downloaded,2045008,,2026-03-03T13:12:53.370312+00:00
GIS,40704,0001308179-24-000692,2023,downloaded,1562794,,2026-03-03T13:12:53.753353+00:00
GL,320335,0000320335-24-000010,2023,downloaded,1511764,,2026-03-03T13:12:54.143167+00:00
GL,320335,0000320335-25-000022,2024,downloaded,1990993,,2026-03-03T13:12:54.711440+00:00
GLW,24741,0001206774-24-000283,2023,downloaded,2207843,,2026-03-03T13:12:55.259419+00:00
GLW,24741,0001206774-25-000146,2024,downloaded,1804441,,2026-03-03T13:12:55.874751+00:00
GM,1467858,0001193125-24-108581,2023,downloaded,2129419,,2026-03-03T13:12:56.514792+00:00
GM,1467858,0001467858-25-000084,2024,downloaded,6456533,,2026-03-03T13:12:57.225919+00:00
GNRC,1474735,0001104659-24-053993,2023,downloaded,1806759,,2026-03-03T13:12:57.606342+00:00
GNRC,1474735,0001104659-25-040848,2024,downloaded,1548057,,2026-03-03T13:12:57.922698+00:00
GOOG,1652044,0001308179-24-000612,2023,downloaded,1423553,,2026-03-03T13:12:58.278614+00:00
GOOG,1652044,0001308179-25-000511,2024,downloaded,1411404,,2026-03-03T13:12:58.674071+00:00
GPC,40987,0000040987-24-000037,2023,downloaded,1272779,,2026-03-03T13:12:59.112158+00:00
GPC,40987,0000040987-25-000034,2024,downloaded,1094081,,2026-03-03T13:12:59.508091+00:00
GPN,1123360,0001104659-24-034148,2023,downloaded,3414617,,2026-03-03T13:13:00.174401+00:00
GPN,1123360,0001104659-25-023451,2024,downloaded,3468952,,2026-03-03T13:13:00.657308+00:00
GRMN,1121788,0001308179-24-000568,2023,downloaded,1240986,,2026-03-03T13:13:01.191291+00:00
GRMN,1121788,0001308179-25-000480,2024,downloaded,1159834,,2026-03-03T13:13:01.558168+00:00
GS,886982,0001193125-25-054559,2024,downloaded,2615338,,2026-03-03T13:13:01.974375+00:00
GWW,277135,0001104659-24-034117,2023,downloaded,3618582,,2026-03-03T13:13:02.561983+00:00
GWW,277135,0001104659-25-021496,2024,downloaded,3226345,,2026-03-03T13:13:03.192742+00:00
HAL,45012,0001308179-24-000414,2023,downloaded,1501358,,2026-03-03T13:13:03.562234+00:00
HAL,45012,0000045012-25-000025,2024,downloaded,4986081,,2026-03-03T13:13:04.247163+00:00
HAS,46080,0001193125-24-085438,2023,downloaded,2143452,,2026-03-03T13:13:04.797771+00:00
HAS,46080,0001193125-25-072854,2024,downloaded,1687854,,2026-03-03T13:13:05.151144+00:00
HBAN,49196,0001308179-24-000070,2023,downloaded,2393540,,2026-03-03T13:13:05.778848+00:00
HBAN,49196,0001308179-25-000044,2024,downloaded,2384427,,2026-03-03T13:13:06.167553+00:00
HCA,860730,0001193125-24-069180,2023,downloaded,1778380,,2026-03-03T13:13:06.520732+00:00
HCA,860730,0001193125-25-054832,2024,downloaded,2142134,,2026-03-03T13:13:06.959822+00:00
HD,354950,0000354950-24-000108,2023,downloaded,1995614,,2026-03-03T13:13:07.299846+00:00
HD,354950,0000354950-25-000123,2024,downloaded,1890164,,2026-03-03T13:13:07.700743+00:00
HIG,874766,0000874766-24-000049,2023,downloaded,1746053,,2026-03-03T13:13:08.645669+00:00
HIG,874766,0000874766-25-000040,2024,downloaded,2002158,,2026-03-03T13:13:09.061798+00:00
HII,1501585,0001193125-24-071268,2023,downloaded,1961831,,2026-03-03T13:13:09.740627+00:00
HII,1501585,0001501585-25-000023,2024,downloaded,2213090,,2026-03-03T13:13:10.513655+00:00
HLT,1585689,0001585689-24-000088,2023,downloaded,1488092,,2026-03-03T13:13:11.072583+00:00
HLT,1585689,0001585689-25-000078,2024,downloaded,1397119,,2026-03-03T13:13:11.468221+00:00
HOLX,859737,0001140361-24-002733,2023,downloaded,3467445,,2026-03-03T13:13:12.234393+00:00
HOLX,859737,0001140361-25-001287,2024,downloaded,3536344,,2026-03-03T13:13:12.947845+00:00
HON,773840,0000773840-24-000032,2023,downloaded,3112772,,2026-03-03T13:13:13.712337+00:00
HON,773840,0000773840-25-000030,2024,downloaded,3760741,,2026-03-03T13:13:14.556316+00:00
HOOD,1783879,0001783879-24-000123,2023,downloaded,1812161,,2026-03-03T13:13:15.216426+00:00
HOOD,1783879,0001783879-25-000134,2024,downloaded,1972471,,2026-03-03T13:13:15.924771+00:00
HPE,1645590,0001645590-24-000044,2023,downloaded,2386758,,2026-03-03T13:13:16.650381+00:00
HPE,1645590,0001645590-25-000024,2024,downloaded,2487758,,2026-03-03T13:13:17.279553+00:00
HPQ,47217,0000047217-24-000013,2023,downloaded,2429675,,2026-03-03T13:13:18.075786+00:00
HPQ,47217,0000047217-25-000014,2024,downloaded,2316107,,2026-03-03T13:13:18.506247+00:00
HRL,48465,0001104659-23-127508,2023,downloaded,1120453,,2026-03-03T13:13:19.023204+00:00
HRL,48465,0001104659-24-129587,2024,downloaded,904674,,2026-03-03T13:13:19.374256+00:00
HSIC,1000228,0001193125-24-091374,2023,downloaded,1186115,,2026-03-03T13:13:19.748836+00:00
HSIC,1000228,0001193125-25-076253,2024,downloaded,1184346,,2026-03-03T13:13:20.150678+00:00
HST,1070750,0001070750-24-000110,2023,downloaded,1857197,,2026-03-03T13:13:20.857905+00:00
HST,1070750,0001070750-25-000079,2024,downloaded,3980680,,2026-03-03T13:13:21.320985+00:00
HSY,47111,0000047111-24-000014,2023,downloaded,1713718,,2026-03-03T13:13:21.864121+00:00
HSY,47111,0000047111-25-000035,2024,downloaded,1841107,,2026-03-03T13:13:22.444936+00:00
HUBB,48898,0001308179-24-000281,2023,downloaded,1386873,,2026-03-03T13:13:22.950869+00:00
HUBB,48898,0001308179-25-000207,2024,downloaded,1750286,,2026-03-03T13:13:23.544904+00:00
HUM,49071,0001193125-24-062915,2023,downloaded,2723110,,2026-03-03T13:13:23.928506+00:00
HUM,49071,0001193125-25-048976,2024,downloaded,2853143,,2026-03-03T13:13:24.318266+00:00
HWM,4281,0001104659-24-044630,2023,downloaded,3254245,,2026-03-03T13:13:24.946586+00:00
HWM,4281,0001104659-25-035530,2024,downloaded,2827794,,2026-03-03T13:13:25.279218+00:00
IBKR,1381197,0001140361-24-011717,2023,downloaded,876655,,2026-03-03T13:13:25.781371+00:00
IBKR,1381197,0001140361-25-007437,2024,downloaded,925722,,2026-03-03T13:13:25.984777+00:00
IBM,51143,0001104659-24-032641,2023,downloaded,2860790,,2026-03-03T13:13:26.614164+00:00
IBM,51143,0001104659-25-022186,2024,downloaded,2611861,,2026-03-03T13:13:26.939959+00:00
ICE,1571949,0001193125-24-083553,2023,downloaded,1466359,,2026-03-03T13:13:27.418086+00:00
ICE,1571949,0000950170-25-047824,2024,downloaded,4284729,,2026-03-03T13:13:27.781832+00:00
IDXX,874716,0000874716-24-000075,2023,downloaded,2046527,,2026-03-03T13:13:28.357039+00:00
IDXX,874716,0000874716-25-000054,2024,downloaded,2240375,,2026-03-03T13:13:28.689881+00:00
IEX,832101,0001193125-24-077229,2023,downloaded,1901628,,2026-03-03T13:13:29.001797+00:00
IEX,832101,0001193125-25-063089,2024,downloaded,1691244,,2026-03-03T13:13:29.554863+00:00
IFF,51253,0001140361-24-014498,2023,downloaded,3184919,,2026-03-03T13:13:29.915633+00:00
IFF,51253,0001140361-25-009165,2024,downloaded,2863897,,2026-03-03T13:13:30.289403+00:00
INCY,879169,0001104659-24-053517,2023,downloaded,2742710,,2026-03-03T13:13:30.907666+00:00
INCY,879169,0001104659-25-041209,2024,downloaded,3502552,,2026-03-03T13:13:31.340783+00:00
INTC,50863,0000050863-24-000057,2023,downloaded,2869359,,2026-03-03T13:13:31.718472+00:00
INTC,50863,0000050863-25-000054,2024,downloaded,2621058,,2026-03-03T13:13:31.961874+00:00
INTU,896878,0001104659-23-120800,2023,downloaded,2808399,,2026-03-03T13:13:32.772158+00:00
INTU,896878,0000896878-24-000061,2024,downloaded,2281598,,2026-03-03T13:13:33.091068+00:00
INVH,1687229,0001193125-24-085370,2023,downloaded,1720036,,2026-03-03T13:13:33.604346+00:00
INVH,1687229,0000950170-25-049911,2024,downloaded,4827401,,2026-03-03T13:13:33.971781+00:00
IP,51434,0001193125-24-084358,2023,downloaded,2424602,,2026-03-03T13:13:34.699859+00:00
IP,51434,0001193125-25-069947,2024,downloaded,2172444,,2026-03-03T13:13:35.079629+00:00
IQV,1478242,0001308179-24-000042,2023,downloaded,2157551,,2026-03-03T13:13:35.603197+00:00
IQV,1478242,0001478242-25-000060,2024,downloaded,2614514,,2026-03-03T13:13:36.230380+00:00
IR,1699150,0001140361-24-022494,2023,downloaded,2268582,,2026-03-03T13:13:36.851877+00:00
IR,1699150,0001140361-25-015748,2024,downloaded,2352582,,2026-03-03T13:13:37.381169+00:00
IRM,1020569,0001020569-24-000115,2023,downloaded,1632031,,2026-03-03T13:13:37.909012+00:00
IRM,1020569,0001020569-25-000094,2024,downloaded,1736804,,2026-03-03T13:13:38.479823+00:00
ISRG,1035267,0001035267-24-000116,2023,downloaded,1816331,,2026-03-03T13:13:38.935629+00:00
ISRG,1035267,0001035267-25-000098,2024,downloaded,1781338,,2026-03-03T13:13:39.290444+00:00
IT,749251,0000749251-24-000015,2023,downloaded,1220722,,2026-03-03T13:13:39.809574+00:00
IT,749251,0000749251-25-000018,2024,downloaded,1133115,,2026-03-03T13:13:40.415012+00:00
ITW,49826,0000049826-24-000012,2023,downloaded,2275324,,2026-03-03T13:13:41.049627+00:00
ITW,49826,0000950170-25-042901,2024,downloaded,4813278,,2026-03-03T13:13:41.322151+00:00
IVZ,914208,0001193125-24-080494,2023,downloaded,2347331,,2026-03-03T13:13:41.649699+00:00
IVZ,914208,0001193125-25-066755,2024,downloaded,1824994,,2026-03-03T13:13:42.049589+00:00
J,52988,0001193125-23-295881,2023,downloaded,2110463,,2026-03-03T13:13:42.667384+00:00
J,52988,0001193125-24-279694,2024,downloaded,2217188,,2026-03-03T13:13:43.145333+00:00
JBHT,728535,0001437749-24-007781,2023,downloaded,1467395,,2026-03-03T13:13:43.478121+00:00
JBHT,728535,0001437749-25-007646,2024,downloaded,1813270,,2026-03-03T13:13:43.808180+00:00
JBL,898293,0001193125-23-293374,2023,downloaded,1422495,,2026-03-03T13:13:44.314603+00:00
JBL,898293,0001193125-24-277123,2024,downloaded,1435787,,2026-03-03T13:13:44.786508+00:00
JCI,833444,0001193125-24-011239,2023,downloaded,1991581,,2026-03-03T13:13:45.140507+00:00
JCI,833444,0001104659-25-004921,2024,downloaded,2680496,,2026-03-03T13:13:45.506115+00:00
JKHY,779152,0000779152-23-000087,2023,downloaded,862735,,2026-03-03T13:13:46.047192+00:00
JKHY,779152,0000779152-24-000102,2024,downloaded,1072111,,2026-03-03T13:13:46.492538+00:00
JNJ,200406,0000200406-24-000024,2023,downloaded,2641172,,2026-03-03T13:13:46.999101+00:00
JNJ,200406,0000200406-25-000099,2024,downloaded,2534740,,2026-03-03T13:13:47.356473+00:00
JPM,19617,0000019617-25-000321,2024,downloaded,2876249,,2026-03-03T13:13:47.720397+00:00
KDP,1418135,0001193125-24-118204,2023,downloaded,1372958,,2026-03-03T13:13:48.220041+00:00
KDP,1418135,0001193125-25-096767,2024,downloaded,1408907,,2026-03-03T13:13:48.520114+00:00
KEY,91576,0001193125-24-074588,2023,downloaded,2163856,,2026-03-03T13:13:49.028138+00:00
KEY,91576,0001193125-25-066284,2024,downloaded,2218516,,2026-03-03T13:13:49.291468+00:00
KEYS,1601046,0001140361-24-004271,2023,downloaded,4715392,,2026-03-03T13:13:49.907796+00:00
KEYS,1601046,0001140361-25-002064,2024,downloaded,3431161,,2026-03-03T13:13:50.257032+00:00
KHC,1637459,0001308179-24-000234,2023,downloaded,2764359,,2026-03-03T13:13:50.643780+00:00
KHC,1637459,0001308179-25-000266,2024,downloaded,3061445,,2026-03-03T13:13:51.017493+00:00
KIM,879101,0001206774-24-000289,2023,downloaded,869851,,2026-03-03T13:13:51.506771+00:00
KIM,879101,0001206774-25-000137,2024,downloaded,1136011,,2026-03-03T13:13:51.833083+00:00
KLAC,319201,0001193125-23-239572,2023,downloaded,2127005,,2026-03-03T13:13:52.350106+00:00
KLAC,319201,0001193125-24-224794,2024,downloaded,1944858,,2026-03-03T13:13:52.844762+00:00
KMB,55785,0000055785-24-000037,2023,downloaded,1963469,,2026-03-03T13:13:53.182773+00:00
KMB,55785,0000055785-25-000024,2024,downloaded,1782921,,2026-03-03T13:13:53.513621+00:00
KMI,1506307,0001506307-24-000022,2023,downloaded,1058767,,2026-03-03T13:13:53.984009+00:00
KMI,1506307,0001506307-25-000017,2024,downloaded,1063616,,2026-03-03T13:13:54.297399+00:00
KO,21344,0001558370-24-003468,2023,downloaded,7637129,,2026-03-03T13:13:54.871105+00:00
KO,21344,0001558370-25-003056,2024,downloaded,6300880,,2026-03-03T13:13:55.346106+00:00
KR,56873,0001104659-24-061665,2023,downloaded,1124157,,2026-03-03T13:13:55.882375+00:00
KR,56873,0001104659-25-049009,2024,downloaded,1167218,,2026-03-03T13:13:56.209751+00:00
KVUE,1944048,0001944048-24-000091,2023,downloaded,1996567,,2026-03-03T13:13:56.603574+00:00
KVUE,1944048,0001944048-25-000114,2024,downloaded,4961373,,2026-03-03T13:13:57.111701+00:00
L,60086,0001140361-24-017458,2023,downloaded,1227354,,2026-03-03T13:13:57.628188+00:00
L,60086,0001140361-25-011755,2024,downloaded,1507384,,2026-03-03T13:13:58.138211+00:00
LDOS,1336920,0001336920-24-000021,2023,downloaded,2266761,,2026-03-03T13:13:58.663443+00:00
LDOS,1336920,0001628280-25-013182,2024,downloaded,2214472,,2026-03-03T13:13:59.039816+00:00
LEN,920760,0001193125-24-051712,2023,downloaded,1692156,,2026-03-03T13:13:59.505744+00:00
LEN,920760,0001193125-25-040938,2024,downloaded,1666392,,2026-03-03T13:13:59.825173+00:00
LH,920148,0001193125-24-087342,2023,downloaded,2572450,,2026-03-03T13:14:00.201967+00:00
LH,920148,0001193125-25-072853,2024,downloaded,3122688,,2026-03-03T13:14:00.592462+00:00
LHX,202058,0001104659-24-032435,2023,downloaded,3844404,,2026-03-03T13:14:01.193359+00:00
LHX,202058,0001558370-25-002451,2024,downloaded,4832145,,2026-03-03T13:14:01.623562+00:00
LII,1069202,0001193125-24-085732,2023,downloaded,1840339,,2026-03-03T13:14:02.117827+00:00
LII,1069202,0001069202-25-000010,2024,downloaded,1437441,,2026-03-03T13:14:02.657167+00:00
LIN,1707925,0001193125-24-121902,2023,downloaded,1511418,,2026-03-03T13:14:03.361833+00:00
LIN,1707925,0000950170-25-060925,2024,downloaded,6420736,,2026-03-03T13:14:03.802972+00:00
LLY,59478,0000059478-24-000099,2023,downloaded,1789487,,2026-03-03T13:14:04.171148+00:00
LLY,59478,0000059478-25-000107,2024,downloaded,1656593,,2026-03-03T13:14:04.533551+00:00
LMT,936468,0000936468-24-000032,2023,downloaded,3232731,,2026-03-03T13:14:04.926462+00:00
LMT,936468,0000936468-25-000015,2024,downloaded,3116615,,2026-03-03T13:14:05.291062+00:00
LNT,352541,0000352541-24-000038,2023,downloaded,1137199,,2026-03-03T13:14:05.970072+00:00
LNT,352541,0000352541-25-000036,2024,downloaded,1096699,,2026-03-03T13:14:06.338234+00:00
LOW,60667,0001193125-24-100050,2023,downloaded,1858689,,2026-03-03T13:14:06.845544+00:00
LOW,60667,0001193125-25-083589,2024,downloaded,1895139,,2026-03-03T13:14:07.173026+00:00
LRCX,707549,0001140361-23-045527,2023,downloaded,1722471,,2026-03-03T13:14:07.659733+00:00
LRCX,707549,0001140361-24-041891,2024,downloaded,2759392,,2026-03-03T13:14:07.998545+00:00
LULU,1397187,0001397187-24-000013,2023,downloaded,1230388,,2026-03-03T13:14:08.323796+00:00
LULU,1397187,0001397187-25-000017,2024,downloaded,1402536,,2026-03-03T13:14:08.803013+00:00
LUV,92380,0001193125-24-087857,2023,downloaded,2146156,,2026-03-03T13:14:09.434400+00:00
LUV,92380,0001193125-25-072750,2024,downloaded,2210371,,2026-03-03T13:14:09.785896+00:00
LVS,1300514,0001193125-24-080593,2023,downloaded,2209281,,2026-03-03T13:14:10.502654+00:00
LVS,1300514,0001300514-25-000082,2024,downloaded,4782645,,2026-03-03T13:14:11.095821+00:00
LW,1679273,0001679273-24-000048,2023,downloaded,1349260,,2026-03-03T13:14:11.561750+00:00
LYB,1489393,0001308179-24-000473,2023,downloaded,1337224,,2026-03-03T13:14:11.895794+00:00
LYB,1489393,0001308179-25-000443,2024,downloaded,1560086,,2026-03-03T13:14:12.226760+00:00
LYV,1335258,0001335258-24-000060,2023,downloaded,1345247,,2026-03-03T13:14:12.691436+00:00
LYV,1335258,0001193125-25-094918,2024,downloaded,1324448,,2026-03-03T13:14:13.198217+00:00
MA,1141391,0001141391-24-000078,2023,downloaded,2557832,,2026-03-03T13:14:13.768367+00:00
MA,1141391,0001141391-25-000078,2024,downloaded,2575791,,2026-03-03T13:14:14.127422+00:00
MAA,912595,0001140361-24-018668,2023,downloaded,1807719,,2026-03-03T13:14:14.722088+00:00
MAA,912595,0001140361-25-011461,2024,downloaded,2669148,,2026-03-03T13:14:15.366049+00:00
MAR,1048286,0001140361-24-015465,2023,downloaded,2602370,,2026-03-03T13:14:15.967102+00:00
MAR,1048286,0001140361-25-010600,2024,downloaded,2591040,,2026-03-03T13:14:16.547824+00:00
MAS,62996,0001193125-24-083355,2023,downloaded,1717007,,2026-03-03T13:14:17.083735+00:00
MAS,62996,0001193125-25-074658,2024,downloaded,1553156,,2026-03-03T13:14:17.407248+00:00
MCD,63908,0001558370-24-004818,2023,downloaded,3374851,,2026-03-03T13:14:17.802707+00:00
MCD,63908,0001558370-25-004544,2024,downloaded,2900476,,2026-03-03T13:14:18.134782+00:00
MCHP,827054,0000827054-24-000128,2023,downloaded,1830453,,2026-03-03T13:14:18.630941+00:00
MCK,927653,0000927653-24-000065,2023,downloaded,2025825,,2026-03-03T13:14:19.158177+00:00
MCK,927653,0000927653-25-000061,2024,downloaded,1887809,,2026-03-03T13:14:19.544984+00:00
MCO,1059556,0001193125-24-060138,2023,downloaded,1848311,,2026-03-03T13:14:20.043886+00:00
MCO,1059556,0001059556-25-000072,2024,downloaded,1660014,,2026-03-03T13:14:20.380652+00:00
MDLZ,1103982,0001308179-24-000465,2023,downloaded,1940724,,2026-03-03T13:14:20.764709+00:00
MDLZ,1103982,0001103982-25-000113,2024,downloaded,6309424,,2026-03-03T13:14:21.225477+00:00
MDT,1613103,0001613103-24-000124,2023,downloaded,2036864,,2026-03-03T13:14:21.828720+00:00
MET,1099219,0001099219-24-000133,2023,downloaded,3473563,,2026-03-03T13:14:22.374266+00:00
MET,1099219,0001099219-25-000126,2024,downloaded,3606372,,2026-03-03T13:14:22.938363+00:00
META,1326801,0001326801-24-000034,2023,downloaded,1718428,,2026-03-03T13:14:23.313123+00:00
META,1326801,0001326801-25-000040,2024,downloaded,1556628,,2026-03-03T13:14:23.533951+00:00
MGM,789570,0001193125-24-074463,2023,downloaded,2014855,,2026-03-03T13:14:23.876074+00:00
MGM,789570,0001193125-25-066345,2024,downloaded,1845808,,2026-03-03T13:14:24.222517+00:00
MKC,63754,0001308179-24-000026,2023,downloaded,1200964,,2026-03-03T13:14:24.529815+00:00
MKC,63754,0000063754-25-000016,2024,downloaded,1975098,,2026-03-03T13:14:25.001333+00:00
MLM,916076,0001193125-24-096366,2023,downloaded,1668362,,2026-03-03T13:14:25.327345+00:00
MLM,916076,0001193125-25-080903,2024,downloaded,1810873,,2026-03-03T13:14:25.662095+00:00
MMM,66740,0000066740-24-000037,2023,downloaded,3111758,,2026-03-03T13:14:26.266859+00:00
MMM,66740,0000066740-25-000029,2024,downloaded,3012590,,2026-03-03T13:14:26.631064+00:00
MNST,865752,0001104659-24-053090,2023,downloaded,1151156,,2026-03-03T13:14:27.125070+00:00
MNST,865752,0001104659-25-039455,2024,downloaded,1193952,,2026-03-03T13:14:27.650939+00:00
MO,764180,0001558370-24-004695,2023,downloaded,3647276,,2026-03-03T13:14:28.187351+00:00
MO,764180,0001558370-25-004359,2024,downloaded,3649509,,2026-03-03T13:14:28.547652+00:00
MOH,1179929,0001179929-24-000063,2023,downloaded,1508124,,2026-03-03T13:14:29.102220+00:00
MOH,1179929,0001179929-25-000043,2024,downloaded,1902562,,2026-03-03T13:14:29.598680+00:00
MOS,1285785,0002001901-24-000039,2023,downloaded,1713740,,2026-03-03T13:14:30.133321+00:00
MOS,1285785,0001285785-25-000025,2024,downloaded,1866654,,2026-03-03T13:14:30.451042+00:00
MPC,1510295,0001510295-24-000033,2023,downloaded,2709582,,2026-03-03T13:14:30.801017+00:00
MPC,1510295,0001510295-25-000023,2024,downloaded,2830851,,2026-03-03T13:14:31.191728+00:00
MPWR,1280452,0001437749-24-013657,2023,downloaded,1278046,,2026-03-03T13:14:31.726216+00:00
MPWR,1280452,0001437749-25-013745,2024,downloaded,1183741,,2026-03-03T13:14:32.043547+00:00
MRK,310158,0001193125-24-093204,2023,downloaded,2732443,,2026-03-03T13:14:32.728788+00:00
MRK,310158,0001193125-25-076859,2024,downloaded,2906747,,2026-03-03T13:14:33.321223+00:00
MRNA,1682852,0001308179-24-000208,2023,downloaded,1517019,,2026-03-03T13:14:34.072940+00:00
MRNA,1682852,0001308179-25-000082,2024,downloaded,1786122,,2026-03-03T13:14:34.444530+00:00
MRSH,62709,0001193125-24-081524,2023,downloaded,2431798,,2026-03-03T13:14:34.973732+00:00
MRSH,62709,0001193125-25-066228,2024,downloaded,2600343,,2026-03-03T13:14:35.354798+00:00
MS,895421,0001140361-25-012302,2024,downloaded,3200790,,2026-03-03T13:14:35.679784+00:00
MSCI,1408198,0001408198-24-000061,2023,downloaded,2179928,,2026-03-03T13:14:36.337233+00:00
MSCI,1408198,0001408198-25-000098,2024,downloaded,2424165,,2026-03-03T13:14:36.742528+00:00
MSFT,789019,0001193125-23-259247,2023,downloaded,2164640,,2026-03-03T13:14:37.083960+00:00
MSFT,789019,0001193125-24-242883,2024,downloaded,2271395,,2026-03-03T13:14:37.457790+00:00
MSI,68505,0001193125-24-079648,2023,downloaded,2675875,,2026-03-03T13:14:38.003225+00:00
MSI,68505,0001193125-25-064714,2024,downloaded,2732175,,2026-03-03T13:14:38.375983+00:00
MTB,36270,0001193125-24-058283,2023,downloaded,2079399,,2026-03-03T13:14:39.117976+00:00
MTB,36270,0001193125-25-044781,2024,downloaded,2132868,,2026-03-03T13:14:39.522988+00:00
MTCH,891103,0000891103-24-000049,2023,downloaded,1003837,,2026-03-03T13:14:40.030011+00:00
MTCH,891103,0000891103-25-000067,2024,downloaded,1360603,,2026-03-03T13:14:40.382202+00:00
MTD,1037646,0001999371-24-003672,2023,downloaded,1237709,,2026-03-03T13:14:40.935958+00:00
MTD,1037646,0001999371-25-002677,2024,downloaded,1255265,,2026-03-03T13:14:41.249426+00:00
MU,723125,0000723125-23-000065,2023,downloaded,1222008,,2026-03-03T13:14:41.570815+00:00
MU,723125,0000723125-24-000039,2024,downloaded,1840909,,2026-03-03T13:14:41.975625+00:00
NCLH,1513761,0001104659-24-053547,2023,downloaded,2803370,,2026-03-03T13:14:42.397695+00:00
NCLH,1513761,0001104659-25-040634,2024,downloaded,2499348,,2026-03-03T13:14:42.746139+00:00
NDAQ,1120193,0001193125-24-118183,2023,downloaded,2280522,,2026-03-03T13:14:43.261493+00:00
NDAQ,1120193,0001193125-25-100786,2024,downloaded,2324571,,2026-03-03T13:14:44.033900+00:00
NDSN,72331,0001193125-24-010767,2023,downloaded,2253007,,2026-03-03T13:14:44.362052+00:00
NDSN,72331,0001193125-25-008068,2024,downloaded,2331990,,2026-03-03T13:14:44.884823+00:00
NEE,753308,0001104659-24-041966,2023,downloaded,3468647,,2026-03-03T13:14:45.411788+00:00
NEE,753308,0001104659-25-030590,2024,downloaded,3554581,,2026-03-03T13:14:45.785069+00:00
NEM,1164727,0001104659-24-033021,2023,downloaded,4387525,,2026-03-03T13:14:46.407579+00:00
NEM,1164727,0001558370-25-003000,2024,downloaded,3732597,,2026-03-03T13:14:46.794030+00:00
NFLX,1065280,0001193125-24-100913,2023,downloaded,2193118,,2026-03-03T13:14:47.134094+00:00
NFLX,1065280,0001193125-25-084425,2024,downloaded,2180716,,2026-03-03T13:14:47.474055+00:00
NI,1111711,0001140361-24-016755,2023,downloaded,2592154,,2026-03-03T13:14:47.996660+00:00
NI,1111711,0001140361-25-011195,2024,downloaded,2248439,,2026-03-03T13:14:48.716580+00:00
NKE,320187,0000320187-24-000045,2023,downloaded,1215512,,2026-03-03T13:14:49.231261+00:00
NOC,1133421,0001133421-24-000021,2023,downloaded,2244204,,2026-03-03T13:14:49.871147+00:00
NOC,1133421,0001133421-25-000016,2024,downloaded,1996210,,2026-03-03T13:14:50.183690+00:00
NOW,1373715,0001373715-24-000148,2023,downloaded,2152398,,2026-03-03T13:14:50.520106+00:00
NOW,1373715,0001373715-25-000110,2024,downloaded,2422568,,2026-03-03T13:14:50.895588+00:00
NRG,1013871,0001104659-24-034809,2023,downloaded,2234829,,2026-03-03T13:14:51.275178+00:00
NRG,1013871,0001104659-25-025550,2024,downloaded,2040384,,2026-03-03T13:14:51.611656+00:00
NSC,702165,0001193125-25-066914,2024,downloaded,2328848,,2026-03-03T13:14:51.954686+00:00
NTAP,1002047,0000950170-24-086897,2023,downloaded,3406383,,2026-03-03T13:14:52.285248+00:00
NTRS,73124,0001193125-24-060814,2023,downloaded,1747399,,2026-03-03T13:14:52.836338+00:00
NTRS,73124,0001193125-25-053039,2024,downloaded,1870315,,2026-03-03T13:14:53.162584+00:00
NUE,73309,0001193125-24-074670,2023,downloaded,1474733,,2026-03-03T13:14:53.744296+00:00
NUE,73309,0001193125-25-060939,2024,downloaded,1800915,,2026-03-03T13:14:54.066922+00:00
NVDA,1045810,0001045810-24-000104,2023,downloaded,1445548,,2026-03-03T13:14:54.398297+00:00
NVDA,1045810,0001045810-25-000095,2024,downloaded,1533226,,2026-03-03T13:14:54.648226+00:00
NVR,906163,0000906163-24-000062,2023,downloaded,993251,,2026-03-03T13:14:55.097294+00:00
NVR,906163,0000906163-25-000042,2024,downloaded,977960,,2026-03-03T13:14:55.419255+00:00
NWS,1564708,0001140361-23-046940,2023,downloaded,2314889,,2026-03-03T13:14:55.927362+00:00
NXPI,1413447,0001413447-24-000033,2023,downloaded,1234342,,2026-03-03T13:14:56.256845+00:00
NXPI,1413447,0001413447-25-000035,2024,downloaded,1229754,,2026-03-03T13:14:56.631122+00:00
O,726728,0000726728-24-000063,2023,downloaded,1810842,,2026-03-03T13:14:57.058538+00:00
O,726728,0000726728-25-000080,2024,downloaded,2152987,,2026-03-03T13:14:57.401516+00:00
ODFL,878927,0000950170-24-044327,2023,downloaded,2270528,,2026-03-03T13:14:57.941198+00:00
ODFL,878927,0000950170-25-056052,2024,downloaded,3049884,,2026-03-03T13:14:58.253975+00:00
OKE,1039684,0001213900-24-029562,2023,downloaded,3405096,,2026-03-03T13:14:58.780423+00:00
OKE,1039684,0001039684-25-000048,2024,downloaded,5360274,,2026-03-03T13:14:59.316782+00:00
OMC,29989,0001213900-24-027211,2023,downloaded,3236616,,2026-03-03T13:14:59.851164+00:00
OMC,29989,0001013762-25-003435,2024,downloaded,3151078,,2026-03-03T13:15:00.344327+00:00
ON,1097864,0001097864-24-000001,2023,downloaded,1359920,,2026-03-03T13:15:01.016393+00:00
ON,1097864,0001097864-25-000008,2024,downloaded,1244697,,2026-03-03T13:15:01.621238+00:00
ORCL,1341439,0001193125-23-240594,2023,downloaded,1884924,,2026-03-03T13:15:02.143749+00:00
ORCL,1341439,0001193125-24-226139,2024,downloaded,1632276,,2026-03-03T13:15:02.392529+00:00
ORLY,898173,0000898173-24-000013,2023,downloaded,2797687,,2026-03-03T13:15:02.942606+00:00
ORLY,898173,0000898173-25-000017,2024,downloaded,3342218,,2026-03-03T13:15:03.284734+00:00
OTIS,1781335,0001140361-24-018332,2023,downloaded,3099277,,2026-03-03T13:15:03.797134+00:00
OTIS,1781335,0001140361-25-012360,2024,downloaded,3513480,,2026-03-03T13:15:04.198382+00:00
OXY,797468,0000797468-24-000075,2023,downloaded,4643232,,2026-03-03T13:15:04.624963+00:00
OXY,797468,0000797468-25-000054,2024,downloaded,5829881,,2026-03-03T13:15:05.081751+00:00
PANW,1327567,0001308179-23-001049,2023,downloaded,1928469,,2026-03-03T13:15:05.642508+00:00
PANW,1327567,0001308179-24-000770,2024,downloaded,2565197,,2026-03-03T13:15:06.333930+00:00
PAYC,1590955,0001193125-24-080589,2023,downloaded,1548009,,2026-03-03T13:15:06.681653+00:00
PAYC,1590955,0001193125-25-072358,2024,downloaded,1533365,,2026-03-03T13:15:07.036113+00:00
PAYX,723531,0001193125-24-210377,2023,downloaded,2239295,,2026-03-03T13:15:07.357761+00:00
PCAR,75362,0001193125-24-072684,2023,downloaded,790751,,2026-03-03T13:15:07.654303+00:00
PCAR,75362,0001193125-25-057811,2024,downloaded,713409,,2026-03-03T13:15:07.981528+00:00
PCG,1004980,0001004980-24-000044,2023,downloaded,2271049,,2026-03-03T13:15:08.344685+00:00
PCG,1004980,0001004980-25-000073,2024,downloaded,2279152,,2026-03-03T13:15:08.806701+00:00
PEG,788784,0001193125-24-062240,2023,downloaded,2111393,,2026-03-03T13:15:09.324879+00:00
PEG,788784,0001193125-25-053984,2024,downloaded,2027196,,2026-03-03T13:15:10.053417+00:00
PEP,77476,0001308179-24-000258,2023,downloaded,2416622,,2026-03-03T13:15:10.462876+00:00
PEP,77476,0001308179-25-000289,2024,downloaded,1794228,,2026-03-03T13:15:10.834198+00:00
PFE,78003,0000078003-24-000068,2023,downloaded,2731716,,2026-03-03T13:15:11.224955+00:00
PFE,78003,0000078003-25-000062,2024,downloaded,2409450,,2026-03-03T13:15:11.665075+00:00
PFG,1126328,0001104659-24-044674,2023,downloaded,2521928,,2026-03-03T13:15:11.997897+00:00
PFG,1126328,0001104659-25-032660,2024,downloaded,2694926,,2026-03-03T13:15:12.483071+00:00
PG,80424,0001193125-24-205691,2023,downloaded,2521661,,2026-03-03T13:15:12.857552+00:00
PGR,80661,0000080661-24-000014,2023,downloaded,1603597,,2026-03-03T13:15:13.358178+00:00
PGR,80661,0000080661-25-000018,2024,downloaded,1266935,,2026-03-03T13:15:13.714684+00:00
PH,76334,0001308179-23-000993,2023,downloaded,2648728,,2026-03-03T13:15:14.074108+00:00
PH,76334,0001308179-24-000719,2024,downloaded,1807804,,2026-03-03T13:15:14.647691+00:00
PHM,822416,0001193125-24-075273,2023,downloaded,1836932,,2026-03-03T13:15:15.050666+00:00
PHM,822416,0000822416-25-000018,2024,downloaded,1858587,,2026-03-03T13:15:15.387511+00:00
PKG,75677,0001193125-24-079613,2023,downloaded,1002615,,2026-03-03T13:15:15.979262+00:00
PKG,75677,0001193125-25-064584,2024,downloaded,819030,,2026-03-03T13:15:16.403984+00:00
PLD,1045609,0001193125-24-081522,2023,downloaded,3402741,,2026-03-03T13:15:17.083871+00:00
PLD,1045609,0001193125-25-067058,2024,downloaded,3061725,,2026-03-03T13:15:17.445900+00:00
PLTR,1321655,0001321655-24-000059,2023,downloaded,827636,,2026-03-03T13:15:17.636722+00:00
PLTR,1321655,0001321655-25-000057,2024,downloaded,869538,,2026-03-03T13:15:17.845038+00:00
PM,1413329,0001104659-24-039955,2023,downloaded,2587720,,2026-03-03T13:15:18.447395+00:00
PM,1413329,0001104659-25-028420,2024,downloaded,2640953,,2026-03-03T13:15:18.820181+00:00
PNC,713676,0001193125-24-066850,2023,downloaded,3596910,,2026-03-03T13:15:19.546032+00:00
PNC,713676,0001193125-25-052937,2024,downloaded,3643178,,2026-03-03T13:15:20.172207+00:00
PNR,77360,0000077360-24-000013,2023,downloaded,1828712,,2026-03-03T13:15:20.498209+00:00
PNR,77360,0000077360-25-000012,2024,downloaded,1850953,,2026-03-03T13:15:20.867263+00:00
PNW,764622,0000764622-24-000033,2023,downloaded,2369683,,2026-03-03T13:15:21.249957+00:00
PNW,764622,0000764622-25-000035,2024,downloaded,2461576,,2026-03-03T13:15:21.629381+00:00
PODD,1145197,0001140361-24-018846,2023,downloaded,2193384,,2026-03-03T13:15:22.108291+00:00
PODD,1145197,0001140361-25-016308,2024,downloaded,2303252,,2026-03-03T13:15:22.538563+00:00
POOL,945841,0000945841-24-000074,2023,downloaded,1145843,,2026-03-03T13:15:23.077818+00:00
POOL,945841,0000945841-25-000053,2024,downloaded,1169363,,2026-03-03T13:15:23.394478+00:00
PPG,79879,0001558370-24-002695,2023,downloaded,3130089,,2026-03-03T13:15:23.775139+00:00
PPG,79879,0001558370-25-002350,2024,downloaded,3927388,,2026-03-03T13:15:24.147597+00:00
PPL,922224,0000950170-24-040720,2023,downloaded,3744785,,2026-03-03T13:15:24.517521+00:00
PPL,922224,0000950170-25-048978,2024,downloaded,3974585,,2026-03-03T13:15:25.106822+00:00
PRU,1137774,0001104659-24-040492,2023,downloaded,2774371,,2026-03-03T13:15:25.728634+00:00
PRU,1137774,0001104659-25-028759,2024,downloaded,2364008,,2026-03-03T13:15:26.069967+00:00
PSA,1393311,0000950170-24-035899,2023,downloaded,3598910,,2026-03-03T13:15:26.625457+00:00
PSA,1393311,0000950170-25-046747,2024,downloaded,5225490,,2026-03-03T13:15:27.203356+00:00
PSX,1534701,0001534701-24-000095,2023,downloaded,2114559,,2026-03-03T13:15:27.546202+00:00
PTC,857005,0001104659-24-000848,2023,downloaded,3144764,,2026-03-03T13:15:28.285914+00:00
PTC,857005,0001104659-25-000041,2024,downloaded,3188816,,2026-03-03T13:15:29.007630+00:00
PWR,1050915,0001193125-24-093877,2023,downloaded,1956820,,2026-03-03T13:15:29.333302+00:00
PWR,1050915,0001193125-25-078453,2024,downloaded,2278345,,2026-03-03T13:15:29.665699+00:00
PYPL,1633917,0001193125-24-090908,2023,downloaded,2816415,,2026-03-03T13:15:30.025184+00:00
PYPL,1633917,0001193125-25-087307,2024,downloaded,2139638,,2026-03-03T13:15:30.366346+00:00
QCOM,804328,0001104659-24-004813,2023,downloaded,2770523,,2026-03-03T13:15:30.741692+00:00
QCOM,804328,0001104659-25-005602,2024,downloaded,2746355,,2026-03-03T13:15:31.447174+00:00
RCL,884887,0001140361-24-020353,2023,downloaded,2508417,,2026-03-03T13:15:32.061001+00:00
RCL,884887,0000884887-25-000087,2024,downloaded,5112775,,2026-03-03T13:15:32.524102+00:00
REG,910606,0001193125-24-072099,2023,downloaded,1295987,,2026-03-03T13:15:32.938450+00:00
REG,910606,0001193125-25-063246,2024,downloaded,1377787,,2026-03-03T13:15:33.285886+00:00
REGN,872589,0001308179-24-000577,2023,downloaded,1855801,,2026-03-03T13:15:33.686403+00:00
REGN,872589,0001308179-25-000518,2024,downloaded,2005628,,2026-03-03T13:15:34.093446+00:00
RF,1281761,0001281761-24-000016,2023,downloaded,2724968,,2026-03-03T13:15:34.768912+00:00
RF,1281761,0001281761-25-000024,2024,downloaded,3170206,,2026-03-03T13:15:35.207105+00:00
RJF,720005,0000720005-24-000007,2023,downloaded,1943970,,2026-03-03T13:15:35.585681+00:00
RJF,720005,0000720005-25-000008,2024,downloaded,1981293,,2026-03-03T13:15:36.168590+00:00
RL,1037038,0001140361-24-030914,2023,downloaded,2754519,,2026-03-03T13:15:36.554760+00:00
RL,1037038,0001140361-25-023186,2024,downloaded,3504066,,2026-03-03T13:15:36.977100+00:00
RMD,943819,0000943819-23-000019,2023,downloaded,1424971,,2026-03-03T13:15:37.604944+00:00
RMD,943819,0000943819-24-000019,2024,downloaded,2142659,,2026-03-03T13:15:38.208333+00:00
ROK,1024478,0001308179-23-001086,2023,downloaded,1262306,,2026-03-03T13:15:38.629039+00:00
ROK,1024478,0001308179-24-000829,2024,downloaded,1553659,,2026-03-03T13:15:39.160879+00:00
ROL,84839,0000084839-24-000058,2023,downloaded,899895,,2026-03-03T13:15:39.508962+00:00
ROL,84839,0000084839-25-000048,2024,downloaded,945378,,2026-03-03T13:15:39.865037+00:00
ROP,882835,0001193125-24-117847,2023,downloaded,1424696,,2026-03-03T13:15:40.338864+00:00
ROP,882835,0001193125-25-096682,2024,downloaded,1282611,,2026-03-03T13:15:40.662782+00:00
ROST,745732,0000745732-24-000015,2023,downloaded,871645,,2026-03-03T13:15:41.140582+00:00
ROST,745732,0000745732-25-000015,2024,downloaded,913306,,2026-03-03T13:15:41.459406+00:00
RSG,1060391,0001193125-24-090790,2023,downloaded,2372772,,2026-03-03T13:15:42.079604+00:00
RSG,1060391,0001193125-25-074643,2024,downloaded,2478787,,2026-03-03T13:15:42.692010+00:00
RTX,101829,0001308179-24-000096,2023,downloaded,2499310,,2026-03-03T13:15:43.100248+00:00
RTX,101829,0001308179-25-000067,2024,downloaded,2223270,,2026-03-03T13:15:43.473674+00:00
RVTY,31791,0001193125-24-066406,2023,downloaded,1768237,,2026-03-03T13:15:43.997435+00:00
RVTY,31791,0001193125-25-052522,2024,downloaded,1797992,,2026-03-03T13:15:44.228416+00:00
SBAC,1034054,0001193125-24-094748,2023,downloaded,2259316,,2026-03-03T13:15:44.613006+00:00
SBAC,1034054,0001193125-25-074669,2024,downloaded,2367860,,2026-03-03T13:15:44.996938+00:00
SBUX,829224,0001213900-25-006516,2024,downloaded,5330034,,2026-03-03T13:15:45.727866+00:00
SCHW,316709,0001193125-24-087883,2023,downloaded,1708282,,2026-03-03T13:15:46.268320+00:00
SCHW,316709,0001193125-25-072811,2024,downloaded,1758941,,2026-03-03T13:15:46.603465+00:00
SHW,89800,0001193125-24-060015,2023,downloaded,1970964,,2026-03-03T13:15:47.200617+00:00
SHW,89800,0001193125-25-047877,2024,downloaded,2339366,,2026-03-03T13:15:47.870392+00:00
SJM,91419,0001193125-24-171203,2023,downloaded,2243133,,2026-03-03T13:15:48.650008+00:00
SJM,91419,0001193125-25-149673,2024,downloaded,2249436,,2026-03-03T13:15:49.257419+00:00
SLB,87347,0001308179-24-000033,2023,downloaded,1405515,,2026-03-03T13:15:49.639198+00:00
SLB,87347,0001308179-25-000029,2024,downloaded,1294142,,2026-03-03T13:15:50.190884+00:00
SMCI,1375365,0001375365-23-000046,2023,downloaded,1298647,,2026-03-03T13:15:50.896233+00:00
SMCI,1375365,0001375365-25-000009,2024,downloaded,1431673,,2026-03-03T13:15:51.268840+00:00
SNA,91440,0001193125-24-065013,2023,downloaded,1413746,,2026-03-03T13:15:51.808393+00:00
SNA,91440,0000091440-25-000023,2024,downloaded,1182672,,2026-03-03T13:15:52.379559+00:00
SNPS,883241,0000883241-24-000006,2023,downloaded,2457060,,2026-03-03T13:15:52.950089+00:00
SNPS,883241,0000883241-25-000008,2024,downloaded,2468016,,2026-03-03T13:15:53.522442+00:00
SO,92122,0001308179-24-000515,2023,downloaded,2115250,,2026-03-03T13:15:54.091887+00:00
SO,92122,0000092122-25-000036,2024,downloaded,2239597,,2026-03-03T13:15:54.462180+00:00
SOLV,1964738,0001964738-25-000038,2024,downloaded,1679952,,2026-03-03T13:15:54.794672+00:00
SPG,1063761,0001558370-24-004080,2023,downloaded,2786052,,2026-03-03T13:15:55.307753+00:00
SPG,1063761,0001558370-25-004238,2024,downloaded,5058213,,2026-03-03T13:15:55.807274+00:00
SPGI,64040,0001104659-24-035901,2023,downloaded,2849065,,2026-03-03T13:15:56.249209+00:00
SPGI,64040,0001104659-25-027558,2024,downloaded,3113647,,2026-03-03T13:15:56.636672+00:00
SRE,1032208,0001140361-24-014929,2023,downloaded,3994426,,2026-03-03T13:15:57.190251+00:00
SRE,1032208,0001140361-25-010983,2024,downloaded,3783142,,2026-03-03T13:15:57.964018+00:00
STE,1757898,0001193125-24-159955,2023,downloaded,1935723,,2026-03-03T13:15:58.596059+00:00
STE,1757898,0001193125-25-139947,2024,downloaded,1976877,,2026-03-03T13:15:59.141169+00:00
STLD,1022671,0001104659-24-040422,2023,downloaded,1883860,,2026-03-03T13:15:59.839115+00:00
STLD,1022671,0001558370-25-002901,2024,downloaded,2078866,,2026-03-03T13:16:00.234636+00:00
STT,93751,0001140361-24-017636,2023,downloaded,2693313,,2026-03-03T13:16:00.854531+00:00
STT,93751,0001140361-25-012033,2024,downloaded,3043344,,2026-03-03T13:16:01.602395+00:00
STX,1137789,0001137789-23-000062,2023,downloaded,3608559,,2026-03-03T13:16:02.336626+00:00
STX,1137789,0001137789-24-000085,2024,downloaded,3188353,,2026-03-03T13:16:03.032363+00:00
STZ,16918,0000016918-24-000102,2023,downloaded,1684437,,2026-03-03T13:16:03.397339+00:00
STZ,16918,0000016918-25-000066,2024,downloaded,1589348,,2026-03-03T13:16:03.754048+00:00
SW,2005951,0001104659-25-025323,2024,downloaded,2345655,,2026-03-03T13:16:04.427406+00:00
SWK,93556,0001206774-24-000242,2023,downloaded,1590537,,2026-03-03T13:16:04.958772+00:00
SWK,93556,0001140361-25-007512,2024,downloaded,3134732,,2026-03-03T13:16:05.560956+00:00
SWKS,4127,0001104659-24-040560,2023,downloaded,2683649,,2026-03-03T13:16:06.460873+00:00
SWKS,4127,0001104659-25-029381,2024,downloaded,1809115,,2026-03-03T13:16:06.822333+00:00
SYF,1601712,0001601712-24-000168,2023,downloaded,1563769,,2026-03-03T13:16:07.299316+00:00
SYF,1601712,0001601712-25-000149,2024,downloaded,1553332,,2026-03-03T13:16:07.654224+00:00
SYK,310764,0000310764-24-000054,2023,downloaded,1189568,,2026-03-03T13:16:08.186713+00:00
SYK,310764,0000310764-25-000051,2024,downloaded,1450532,,2026-03-03T13:16:08.914939+00:00
SYY,96021,0001308179-23-001019,2023,downloaded,1833661,,2026-03-03T13:16:09.635064+00:00
SYY,96021,0000096021-24-000175,2024,downloaded,7926048,,2026-03-03T13:16:10.158405+00:00
T,732717,0001193125-24-087253,2023,downloaded,1983762,,2026-03-03T13:16:10.675388+00:00
T,732717,0001193125-25-073402,2024,downloaded,2047003,,2026-03-03T13:16:11.074467+00:00
TAP,24545,0001308179-24-000436,2023,downloaded,1688739,,2026-03-03T13:16:11.581933+00:00
TAP,24545,0001558370-25-004296,2024,downloaded,3759719,,2026-03-03T13:16:11.982506+00:00
TDG,1260221,0001260221-24-000015,2023,downloaded,1738775,,2026-03-03T13:16:12.589103+00:00
TDG,1260221,0001260221-25-000007,2024,downloaded,1628633,,2026-03-03T13:16:13.286513+00:00
TDY,1094285,0001193125-24-068076,2023,downloaded,2004887,,2026-03-03T13:16:13.829153+00:00
TDY,1094285,0001193125-25-054478,2024,downloaded,2006086,,2026-03-03T13:16:14.354417+00:00
TECH,842023,0001308179-23-000977,2023,downloaded,1731920,,2026-03-03T13:16:14.897970+00:00
TECH,842023,0001308179-24-000703,2024,downloaded,1960396,,2026-03-03T13:16:15.271588+00:00
TEL,1385157,0001558370-24-000315,2023,downloaded,3475493,,2026-03-03T13:16:15.885070+00:00
TEL,1385157,0001558370-25-000262,2024,downloaded,2690217,,2026-03-03T13:16:16.274641+00:00
TER,97210,0000950170-24-038544,2023,downloaded,2919024,,2026-03-03T13:16:16.796539+00:00
TER,97210,0000950170-25-046345,2024,downloaded,4710112,,2026-03-03T13:16:17.447228+00:00
TFC,92230,0001193125-24-064251,2023,downloaded,2364765,,2026-03-03T13:16:18.130185+00:00
TFC,92230,0001193125-25-055156,2024,downloaded,2435589,,2026-03-03T13:16:18.570343+00:00
TGT,27419,0001308179-24-000626,2023,downloaded,1334949,,2026-03-03T13:16:18.906881+00:00
TGT,27419,0001628280-25-020275,2024,downloaded,5336689,,2026-03-03T13:16:19.397775+00:00
TJX,109198,0000109198-24-000023,2023,downloaded,1426288,,2026-03-03T13:16:20.043582+00:00
TJX,109198,0000109198-25-000024,2024,downloaded,1369372,,2026-03-03T13:16:20.390293+00:00
TKO,1973266,0001193125-24-110189,2023,downloaded,843914,,2026-03-03T13:16:20.782371+00:00
TKO,1973266,0001193125-25-096950,2024,downloaded,964586,,2026-03-03T13:16:21.293270+00:00
TMO,97745,0001193125-24-090173,2023,downloaded,2429969,,2026-03-03T13:16:21.808211+00:00
TMO,97745,0001193125-25-075101,2024,downloaded,2570848,,2026-03-03T13:16:22.439642+00:00
TMUS,1283699,0001193125-24-117940,2023,downloaded,1942279,,2026-03-03T13:16:22.782427+00:00
TMUS,1283699,0001193125-25-085753,2024,downloaded,1879464,,2026-03-03T13:16:23.028432+00:00
TPL,1811074,0001140361-23-047453,2023,downloaded,1536210,,2026-03-03T13:16:23.643329+00:00
TPL,1811074,0001104659-24-102208,2024,downloaded,1841752,,2026-03-03T13:16:23.968726+00:00
TPR,1116132,0001140361-23-044958,2023,downloaded,3764905,,2026-03-03T13:16:24.619353+00:00
TPR,1116132,0001140361-24-042187,2024,downloaded,3329166,,2026-03-03T13:16:25.193100+00:00
TRGP,1389170,0001193125-24-073912,2023,downloaded,1483299,,2026-03-03T13:16:25.711201+00:00
TRGP,1389170,0001193125-25-067057,2024,downloaded,1412464,,2026-03-03T13:16:26.306453+00:00
TRMB,864749,0000864749-24-000093,2023,downloaded,1558733,,2026-03-03T13:16:26.829839+00:00
TRMB,864749,0000864749-25-000100,2024,downloaded,1304182,,2026-03-03T13:16:27.292644+00:00
TROW,1113169,0001104659-24-035429,2023,downloaded,1986125,,2026-03-03T13:16:27.875055+00:00
TROW,1113169,0001104659-25-028002,2024,downloaded,1904884,,2026-03-03T13:16:28.392778+00:00
TRV,86312,0000086312-24-000023,2023,downloaded,7826953,,2026-03-03T13:16:29.183123+00:00
TRV,86312,0000086312-25-000019,2024,downloaded,8489049,,2026-03-03T13:16:29.910949+00:00
TSCO,916365,0001193125-24-077638,2023,downloaded,1457308,,2026-03-03T13:16:30.413662+00:00
TSCO,916365,0001193125-25-065591,2024,downloaded,1632521,,2026-03-03T13:16:30.750204+00:00
TSLA,1318605,0001104659-24-053333,2023,downloaded,5637801,,2026-03-03T13:16:31.597686+00:00
TSN,100493,0000100493-23-000136,2023,downloaded,1414996,,2026-03-03T13:16:31.976496+00:00
TSN,100493,0000100493-24-000195,2024,downloaded,1613268,,2026-03-03T13:16:32.291899+00:00
TT,1466258,0001466258-24-000155,2023,downloaded,1916138,,2026-03-03T13:16:32.877755+00:00
TT,1466258,0001466258-25-000114,2024,downloaded,1933787,,2026-03-03T13:16:33.385781+00:00
TTD,1671933,0001671933-24-000037,2023,downloaded,1123673,,2026-03-03T13:16:33.744232+00:00
TTD,1671933,0001671933-25-000048,2024,downloaded,1203907,,2026-03-03T13:16:34.424703+00:00
TTWO,946581,0001308179-24-000655,2023,downloaded,1098145,,2026-03-03T13:16:35.027344+00:00
TXN,97476,0000097476-24-000012,2023,downloaded,1650188,,2026-03-03T13:16:35.368512+00:00
TXN,97476,0000097476-25-000017,2024,downloaded,1370394,,2026-03-03T13:16:35.573418+00:00
TXT,217346,0001552781-24-000070,2023,downloaded,1682239,,2026-03-03T13:16:36.218758+00:00
TXT,217346,0001552781-25-000047,2024,downloaded,1426803,,2026-03-03T13:16:36.561960+00:00
TYL,860731,0000860731-24-000015,2023,downloaded,1629621,,2026-03-03T13:16:36.971801+00:00
TYL,860731,0000860731-25-000015,2024,downloaded,1454475,,2026-03-03T13:16:37.299824+00:00
UAL,100517,0001558370-24-005036,2023,downloaded,6724895,,2026-03-03T13:16:37.819326+00:00
UAL,100517,0001558370-25-004681,2024,downloaded,4686034,,2026-03-03T13:16:38.229784+00:00
UBER,1543151,0001552781-24-000177,2023,downloaded,1776738,,2026-03-03T13:16:38.799016+00:00
UBER,1543151,0001308179-25-000210,2024,downloaded,1574876,,2026-03-03T13:16:39.239463+00:00
UDR,74208,0000074208-24-000029,2023,downloaded,6231175,,2026-03-03T13:16:39.823758+00:00
UDR,74208,0000074208-25-000024,2024,downloaded,5947053,,2026-03-03T13:16:40.624878+00:00
UHS,352915,0001193125-24-086555,2023,downloaded,1873702,,2026-03-03T13:16:40.967820+00:00
UHS,352915,0000950170-25-049925,2024,downloaded,3526634,,2026-03-03T13:16:41.492569+00:00
ULTA,1403568,0001558370-24-005588,2023,downloaded,2594534,,2026-03-03T13:16:42.041024+00:00
ULTA,1403568,0001558370-25-005260,2024,downloaded,2705605,,2026-03-03T13:16:42.387697+00:00
UNH,731766,0001104659-24-050055,2023,downloaded,2717746,,2026-03-03T13:16:42.823869+00:00
UNH,731766,0001104659-25-036829,2024,downloaded,3221012,,2026-03-03T13:16:43.172313+00:00
UNP,100885,0001140361-24-015351,2023,downloaded,2735930,,2026-03-03T13:16:43.862387+00:00
UNP,100885,0001140361-25-010237,2024,downloaded,2664585,,2026-03-03T13:16:44.227115+00:00
UPS,1090727,0001090727-24-000018,2023,downloaded,1471939,,2026-03-03T13:16:44.757508+00:00
UPS,1090727,0001090727-25-000038,2024,downloaded,1602671,,2026-03-03T13:16:45.187943+00:00
URI,1067701,0000950170-24-037181,2023,downloaded,2341798,,2026-03-03T13:16:45.666234+00:00
URI,1067701,0000950170-25-045191,2024,downloaded,2372006,,2026-03-03T13:16:45.998602+00:00
USB,36104,0001104659-24-031021,2023,downloaded,3120526,,2026-03-03T13:16:46.695653+00:00
USB,36104,0001104659-25-020883,2024,downloaded,2641839,,2026-03-03T13:16:47.026461+00:00
V,1403161,0001193125-23-290295,2023,downloaded,3293169,,2026-03-03T13:16:47.411223+00:00
V,1403161,0001308179-24-000807,2024,downloaded,2944310,,2026-03-03T13:16:47.750408+00:00
VICI,1705696,0001104659-24-034510,2023,downloaded,2381373,,2026-03-03T13:16:48.301092+00:00
VICI,1705696,0001104659-25-024253,2024,downloaded,2447046,,2026-03-03T13:16:48.806858+00:00
VLO,1035002,0001035002-24-000014,2023,downloaded,2086198,,2026-03-03T13:16:49.331267+00:00
VLO,1035002,0001035002-25-000010,2024,downloaded,1767437,,2026-03-03T13:16:49.867088+00:00
VLTO,1967680,0001967680-24-000046,2023,downloaded,1601995,,2026-03-03T13:16:50.200425+00:00
VLTO,1967680,0001967680-25-000058,2024,downloaded,1705085,,2026-03-03T13:16:50.548014+00:00
VMC,1396009,0001140361-24-015024,2023,downloaded,2315181,,2026-03-03T13:16:51.069092+00:00
VMC,1396009,0001140361-25-010021,2024,downloaded,2934401,,2026-03-03T13:16:51.615905+00:00
VRSK,1442145,0001193125-24-087955,2023,downloaded,1983651,,2026-03-03T13:16:52.211753+00:00
VRSK,1442145,0001193125-25-072921,2024,downloaded,2210942,,2026-03-03T13:16:52.543641+00:00
VRSN,1014473,0001014473-24-000015,2023,downloaded,1087794,,2026-03-03T13:16:52.895515+00:00
VRSN,1014473,0001014473-25-000015,2024,downloaded,1208321,,2026-03-03T13:16:53.227815+00:00
VRTX,875320,0001308179-24-000452,2023,downloaded,1450671,,2026-03-03T13:16:53.544380+00:00
VRTX,875320,0000875320-25-000160,2024,downloaded,1962473,,2026-03-03T13:16:53.873014+00:00
VST,1692819,0001193125-24-086032,2023,downloaded,2122131,,2026-03-03T13:16:54.377742+00:00
VST,1692819,0001193125-25-057930,2024,downloaded,2158981,,2026-03-03T13:16:54.777410+00:00
VTR,740260,0000740260-24-000094,2023,downloaded,2644125,,2026-03-03T13:16:55.453420+00:00
VTR,740260,0000740260-25-000098,2024,downloaded,2586803,,2026-03-03T13:16:56.028366+00:00
VTRS,1792044,0001193125-23-270437,2023,downloaded,1828153,,2026-03-03T13:16:56.529620+00:00
VTRS,1792044,0001193125-24-244173,2024,downloaded,2180330,,2026-03-03T13:16:57.162774+00:00
VZ,732712,0001308179-24-000279,2023,downloaded,1456963,,2026-03-03T13:16:57.538645+00:00
VZ,732712,0001308179-25-000404,2024,downloaded,1666971,,2026-03-03T13:16:57.862341+00:00
WAB,943452,0001140361-24-017812,2023,downloaded,2018650,,2026-03-03T13:16:58.375997+00:00
WAB,943452,0001628280-25-016372,2024,downloaded,1340245,,2026-03-03T13:16:58.693990+00:00
WAT,1000697,0001193125-24-094000,2023,downloaded,1167699,,2026-03-03T13:16:59.003864+00:00
WAT,1000697,0001193125-25-076853,2024,downloaded,1320793,,2026-03-03T13:16:59.358006+00:00
WBD,1437107,0001437107-24-000102,2023,downloaded,3204478,,2026-03-03T13:16:59.717970+00:00
WBD,1437107,0001437107-25-000084,2024,downloaded,3262616,,2026-03-03T13:17:00.082398+00:00
WDAY,1327811,0001104659-24-058010,2023,downloaded,2071235,,2026-03-03T13:17:00.423334+00:00
WDAY,1327811,0001104659-25-038009,2024,downloaded,2108366,,2026-03-03T13:17:00.798923+00:00
WDC,106040,0001193125-24-082058,2023,downloaded,199971,,2026-03-03T13:17:01.296294+00:00
WDC,106040,0001308179-24-000755,2024,downloaded,1899127,,2026-03-03T13:17:01.843809+00:00
WEC,783325,0000930413-24-001170,2023,downloaded,1088505,,2026-03-03T13:17:02.387849+00:00
WEC,783325,0000107815-25-000149,2024,downloaded,1709482,,2026-03-03T13:17:02.791904+00:00
WELL,766704,0000766704-24-000015,2023,downloaded,1988303,,2026-03-03T13:17:03.176490+00:00
WELL,766704,0000766704-25-000013,2024,downloaded,2217111,,2026-03-03T13:17:03.507620+00:00
WFC,72971,0000072971-24-000084,2023,downloaded,2945003,,2026-03-03T13:17:03.744060+00:00
WFC,72971,0000072971-25-000090,2024,downloaded,2521636,,2026-03-03T13:17:03.991007+00:00
WM,823768,0001104659-24-042337,2023,downloaded,2022199,,2026-03-03T13:17:04.478895+00:00
WM,823768,0001104659-25-030318,2024,downloaded,2055906,,2026-03-03T13:17:04.808811+00:00
WMB,107263,0001193125-24-072112,2023,downloaded,3779260,,2026-03-03T13:17:05.413164+00:00
WMB,107263,0001193125-25-057277,2024,downloaded,3350678,,2026-03-03T13:17:05.818649+00:00
WMT,104169,0000104169-24-000078,2023,downloaded,2343882,,2026-03-03T13:17:06.243083+00:00
WMT,104169,0000104169-25-000055,2024,downloaded,2729810,,2026-03-03T13:17:06.552269+00:00
WRB,11544,0001193125-24-118082,2023,downloaded,1519711,,2026-03-03T13:17:07.070814+00:00
WRB,11544,0001193125-25-096949,2024,downloaded,1685577,,2026-03-03T13:17:07.390752+00:00
WSM,719955,0001628280-24-016458,2023,downloaded,1381467,,2026-03-03T13:17:08.089094+00:00
WSM,719955,0001628280-25-020659,2024,downloaded,1470841,,2026-03-03T13:17:08.403574+00:00
WST,105770,0001558370-24-003056,2023,downloaded,2412298,,2026-03-03T13:17:09.080017+00:00
WST,105770,0001558370-25-003461,2024,downloaded,2763998,,2026-03-03T13:17:09.427119+00:00
WTW,1140536,0001193125-24-087228,2023,downloaded,2180798,,2026-03-03T13:17:09.845406+00:00
WTW,1140536,0000950170-25-046880,2024,downloaded,3397373,,2026-03-03T13:17:10.196386+00:00
WY,106535,0001140361-24-015567,2023,downloaded,2005635,,2026-03-03T13:17:10.669750+00:00
WY,106535,0001140361-25-010318,2024,downloaded,2072014,,2026-03-03T13:17:10.990155+00:00
WYNN,1174922,0001193125-24-072687,2023,downloaded,1669237,,2026-03-03T13:17:11.318206+00:00
WYNN,1174922,0001193125-25-057822,2024,downloaded,1339152,,2026-03-03T13:17:11.642993+00:00
XEL,72903,0000072903-24-000082,2023,downloaded,2062817,,2026-03-03T13:17:12.142967+00:00
XEL,72903,0000072903-25-000078,2024,downloaded,1758235,,2026-03-03T13:17:12.485604+00:00
XOM,34088,0001193125-24-092545,2023,downloaded,1571708,,2026-03-03T13:17:12.880089+00:00
XOM,34088,0001193125-25-073986,2024,downloaded,1588807,,2026-03-03T13:17:13.194430+00:00
XYL,1524472,0000950170-24-039863,2023,downloaded,2109999,,2026-03-03T13:17:13.825209+00:00
XYL,1524472,0000950170-25-047304,2024,downloaded,2931992,,2026-03-03T13:17:14.346960+00:00
XYZ,1512673,0000950170-24-049064,2023,downloaded,1820493,,2026-03-03T13:17:14.685286+00:00
XYZ,1512673,0000950170-25-058701,2024,downloaded,2993481,,2026-03-03T13:17:15.079452+00:00
YUM,1041061,0001193125-24-088443,2023,downloaded,1554942,,2026-03-03T13:17:15.672639+00:00
YUM,1041061,0000950170-25-051113,2024,downloaded,4607364,,2026-03-03T13:17:16.042116+00:00
ZBH,1136869,0000950170-24-037305,2023,downloaded,3589467,,2026-03-03T13:17:16.540166+00:00
ZBH,1136869,0000950170-25-053494,2024,downloaded,4504446,,2026-03-03T13:17:17.082189+00:00
ZBRA,877212,0001558370-24-004333,2023,downloaded,4334221,,2026-03-03T13:17:17.576630+00:00
ZBRA,877212,0001558370-25-003931,2024,downloaded,3449750,,2026-03-03T13:17:17.929011+00:00
ZTS,1555280,0001104659-24-045571,2023,downloaded,2768823,,2026-03-03T13:17:18.434842+00:00
ZTS,1555280,0001555280-25-000193,2024,downloaded,2381168,,2026-03-03T13:17:18.782100+00:00
